,j
B P-1915-1933.A,23
(66) NYC-1969.A,5
(82) Q-1901-1904.A,3
IPOF E449.B624 1985,3
Q-1928.A,3
PAMP Sumner-3,2
L.I.-1851.Fl.RA,2
Microfilm Reel,2
PAMP HenryCS-1,2
(112) US-1959.A,2
PAMP Sumner-14,2
PAMP Africanus-1,2
B P-1849.Fl,2
B P-[1855].Folded,2
Microfilm Reel 3:13,2
NYC-2006b.Fl,2
B A-1966.Fl,2
NYC-2014b.Fl,2
PAMP AFAS-3,2
B P-[1841].Fl,2
Bergen-1877f.Fl,1
"USGS-1:62,500 (Goshen).Fl",1
IPOF E441.D248 2003,1
1988.062,1
NYS-1903.Fl,1
1985.040,1
Bergen-1868d.Fl,1
V1991.007,1
NYC-[2008].Fl,1
B A-1971o.Fl,1
NYC-1867a.Fd,1
PAMP Duffield-2,1
NYC-1879.Fl,1
B P-1988a.Fl.Folio,1
PAMP Child-2,1
PAMP Freeman-1,1
V1991.074,1
Bergen-1881.Fl,1
M-1836.Fl.O,1
1977.212,1
B A-1868.Fl,1
Q-1842.Fl,1
B P-[1847].Fl,1
2006.025,1
ARC.074,1
Lefferts PR6023.O15 S74 1913,1
B P-[1851]a.Fl,1
ARC.093,1
Bergen-[1887?].Fl,1
B A-1935.Fl,1
V1985.004,1
1992.012,1
PAMP Collamer-1,1
1978.167,1
Bergen-1855c.Fl,1
PAMP Edwards-1,1
ARC.081,1
1973.213,1
1973.177,1
ARC.176,1
Pierrepont-1856.Fl,1
1974.135,1
PAMP Curtis-1,1
2008.038,1
V1991.106,1
Bergen-1877d.Fl,1
N.E.-1975.Fl,1
Pierrepont-[1835?].Fl,1
1977.409,1
B A-1827 (1861?).Fl,1
Q-1891.A.RA,1
B A-1962e.Fl,1
ARC.156,1
ARC.104,1
B P-[183-?].Fl.Folio c.2,1
B C-1898.Fl.Folio,1
1977.191,1
NYC-1955.Fl,1
1981.014,1
1977.023,1
V1988.005,1
NYC-[1851].Fd.RA,1
B P-1898.Fl,1
ARC.136,1
1977.568,1
L.I.-1670-1948 (1948?).Fl,1
V1987.040,1
ARC.240,1
V1987.039,1
ARC.255,1
1974.108,1
L.I.-1600-1850 (1974).Fl c.2,1
1977.420,1
1973.142,1
ARC.182,1
ARC.105,1
PAMP LPS-1,1
PAMP McDonogh-2,1
PAMP Census-1,1
V1987.019,1
Bergen-1876a.Fl,1
B A-1892.Fl,1
NYC-1975.Fd.Folio,1
1977.612,1
PAMP Pratt-1,1
2007.014,1
ARC.098,1
L.I.-1853.Fl,1
1986.017,1
1973.214,1
NYC-2004.Fl,1
PAMP Boardman-1,1
PAMP Douglas-4,1
PAMP Benjamin-1,1
M-1808 (1852).Fl,1
L.I.-1937.Fd,1
PAMP Tocqueville-1,1
1974.064,1
M-1609 (1909).Fl.O,1
NYS-1805(1847)b.Fl,1
L.I.-[1973?].Fl,1
(105) World-1963.A,1
1978.051,1
B P-[1835]c.Fl,1
"D.P.W.-1:24,000 (Mamaroneck Quad).R",1
L.I.-1915.Fl,1
PAMP Broderick-1,1
PAMP Bulkley-1,1
PAMP Infidelity-1,1
B A-1810 (19--?).Fl,1
PAMP Dawes-1,1
1973.258,1
V1980.002,1
PAMP Garrison-1,1
PAMP Redington-1,1
1973.230,1
1977.219,1
PAMP FisherE-1,1
PAMP Doolittle-2,1
PAMP HunterRMT-1,1
"USGS-1:62,500 (Ramapo).Fl",1
1977.272,1
1974.251,1
L.I.-[1873]n.Fl,1
PAMP SewardWH-6,1
1988.014,1
2004.027,1
PAMP MrLincoln-1,1
1988.011,1
2015.001,1
PAMP Drake-6,1
Bergen-1916.Fl,1
1977.218,1
1977.248,1
2008.017,1
PAMP PhillipsW-5,1
PAMP Benton-2,1
PAMP StoneTT-1,1
Bergen-1853.Fl,1
PAMP Bacon-4,1
PAMP Sherwood-1,1
ARC.254,1
1977.541,1
1977.657,1
PAMP Hayne-1,1
B P-[1894].A,1
ARC.149,1
1974.150,1
1974.109a,1
NYC-2002a.Fl,1
ARC.144,1
1973.231,1
Bergen-[18--?]j.Fl,1
PAMP StephensAH-1,1
CBBG E185.86.R618 2010,1
B P-[1895]a.Fl,1
CBBG F130.N4 M38 1997,1
1985.071,1
V1974.051,1
PAMP Sumner-7,1
PAMP NYYMRSF-1,1
PAMP Haskin-1,1
B C-1969.Fl,1
B P-[1869]e.Fl,1
PAMP Channing-4,1
PAMP Ready-1,1
1977.401,1
PAMP CIFPC-3,1
B PP-1982.Fl c.2,1
NYS-1846.Fl,1
B A-18th-19th century (1935).Fl,1
PAMP Hubbell-1,1
ARC.262,1
PAMP HallBR-1,1
PAMP Stanly-1,1
NYC-[1784?].Fl.RA,1
(77) L.I.-1906.A,1
NYS-17th-19th Century (1935).Fl,1
CBBG HD7287.72.U62 N634 2010,1
PAMP MAS-1,1
1977.351,1
Pierrepont-[185-?]a.Fl,1
B A-1897a.Fl,1
NYS-1838.Fl,1
B P-[1890].Fl.O,1
B A-[188-?]a.Fl,1
ARC.095,1
1986.004,1
Q-[1852].Fl,1
PAMP Hicks-2,1
V1987.038,1
2012.013,1
Lefferts PS3507.E49 B74 1921,1
1977.356,1
B P-[1834].Fl,1
Bergen-[18--?]l.Fl,1
PAMP ChaseSP-2,1
PAMP Higginson-2,1
B P-[1866].Fl.Folio,1
NYS-1940.FL.O,1
1977.660,1
2013.003,1
PAMP Burritt-1,1
1973.303,1
PAMP Whitcomb-1,1
L.I.-[1968].Fl,1
PAMP MillJS-2,1
ARC.129,1
NYS-1842.Folded,1
PAMP Hilliard-1,1
PAMP Merchant-1,1
1992.027,1
ARC.064,1
B A-1971s.Fl,1
PAMP MaySJ-1,1
1977.200,1
PAMP GordonWR-1,1
PAMP Colfax-2,1
V1974.033,1
CBBG E184.M47 N47 1999,1
ARC.075,1
1978.109,1
V1990.012,1
Q-1964-1965.Fl,1
B A-1894.Fl,1
B A-[19--?]g.Fl,1
PAMP ReedH-1,1
PAMP HaleJP-1,1
CBBG JV7050.Q44 L45 2003,1
"USGS-1:62,500 (Schunemunk).Fl",1
V1992.014,1
1977.546,1
1977.348,1
PAMP Billinghurst-1,1
PAMP Blagden-1,1
ARC.273,1
NYC-1942.Fl,1
1991.042,1
ARC.014,1
B A-1885.Fl c.2,1
NYC-[188-?].Fl,1
1977.531,1
1978.002,1
V1990.027,1
D.P.W.-1:24000 (Central Islip Quad).R,1
ARC.135,1
ARC.235,1
ARC.062,1
1974.016,1
L.I.-[195-?]b.Fl,1
ARC.231,1
B A-[1848?].Fl,1
1985.050,1
Q-1805.Fl,1
B P-[18--?]b.Fl,1
PAMP Dickey-1,1
1978.031,1
PAMP ConwayTW-1,1
PAMP Rantoul-1,1
Rev. War-1776 (1861).Fl,1
PAMP Browne-1,1
PAMP Weld-1,1
NYS-1937a.Fl,1
NYC-1776.Fl.RA,1
IPOF F128.44.S33 2005,1
PAMP Unanimous-1,1
B A-1867.Fl,1
PAMP CareyHC-1,1
Bergen-1892f.Fl,1
1974.218,1
B P-1863.Fl,1
L.I.-[184-?].Fl,1
Q-1834 (1849?).Fl.O,1
B A-[19--?]a.Fl,1
PAMP ParkerT-3,1
1977.617,1
"D.P.W.-1:24,000 (Southold Quad).R",1
B A-1881a.Folded,1
Bergen-1890a.Fl,1
V1988.034,1
PAMP PetersonDH-1,1
PAMP RI-1,1
B A-1971.Fl,1
U.S.C.S.-8.Fl,1
Q-1908.A.F vol. 2,1
B A-1859 (19--?).Fl,1
1973.286,1
1977.411,1
Bergen-[1875].Fl,1
PAMP Boutwell-3,1
PAMP RossAM-1,1
V1974.042,1
Bergen-1866b.Fl,1
Bergen-[189-?]b.Fl,1
L.I.-[18--?]a.Fd.RA,1
PAMP Giddings-3,1
N.J. 1776 (1977).Fl,1
PAMP PackardC-1,1
P-1870 (1942).Fl c.2,1
PAMP Shedd-1,1
L.I.-[1886?].Fl,1
B A-1850 (19--?).Fl,1
L.I.-1948a.Fl,1
PAMP Letter-1,1
ARC.099,1
Nautical Chart-12334.Fl.Folio,1
1977.444,1
1977.294,1
1979.015,1
U.S.C.S.-118.Fl.F,1
1985.475,1
Rev. War-1776 (1859).Fl,1
B A-1961.Fl,1
L.I.-[1951?].Fl,1
1985.053,1
IPOF PN4882.5.F74 1986,1
1977.082,1
ARC.186,1
L.I.-[1932]a.Fd,1
V1974.023,1
1991.048,1
PAMP Bartlett-1,1
L.I.-1870 (1943).Fl,1
PAMP RockwoodSL-1,1
1977.030,1
PAMP Allen-1,1
B P-[183-?].Fl.Folio c.3,1
1974.216,1
NYS-1767 (18--?).Fl c.2,1
1991.007,1
PAMP Bright-1,1
ARC.023,1
2000.005,1
CBBG HQ1031 .Y37 2009,1
1973.269,1
Q-1911.Fl.Folio,1
B P-[189-?]f.Fl,1
B P-1816 (18--?).Fl,1
E-US-[1846?].Fl,1
Bergen-1855.Fl,1
V1990.038,1
NYC-[1927?].Fl,1
1973.094,1
PAMP Cheever-4,1
PAMP Bennett-1,1
M-[18--?].Fl,1
1986.012,1
PAMP MAS-2,1
"USGS-1:62,500 (Staten Island).Fl",1
2016.018,1
PAMP Ashley-1,1
1978.190,1
PAMP Sumner-5,1
PAMP AmCS-13,1
PAMP WhiteRG-2,1
PAMP SpearST-2,1
NYS-1797 (1847)b.Fl,1
ARC.172,1
B A-[189-?].Fl,1
PAMP Fay-1,1
Bergen-[1868?]a.Fl,1
B B-1809.Fd,1
L.I.-[1887?].Fl,1
2008.023,1
1990.015,1
PAMP NY-1,1
PAMP LordCE-1,1
ARC.304,1
PAMP Burchard-1,1
1991.018,1
S.I.-2010b.Fl,1
B A-1890 (19--?).Fl,1
PAMP Martineau-1,1
PAMP StephensAH-4,1
1977.292,1
M-[1956?].Fl,1
Mid. Atl.-[1763].Fl.RA,1
V1987.022,1
NYS-1840.Fl,1
V1987.028,1
B C-1985a.Fl.O,1
PAMP Hitchcock-1,1
IPOF E185.B4 1966,1
1977.147,1
B A-1922.Fl,1
PAMP Comstock-1,1
NYC-2005.A,1
NYS-1951.Fl,1
PAMP Lavallee-1,1
PAMP Birney-2,1
E-US-1775.Fl.F.RA,1
PAMP Information-1,1
PAMP ArmstrongJW-1,1
B C-2004.Fl,1
1974.136,1
PAMP Proceedings-1,1
(28)1893,1
PAMP SprattLE-1,1
PAMP Chandler-2,1
CBBG HN49.C6 K73 1993,1
B P-1763 (1817?).Fl,1
Bergen-1887c.Fl,1
(116) L.I.-1954.A,1
NYC-[1871].Fl,1
1979.002,1
PAMP BlairM-1,1
ARC.078,1
V1974.013,1
V1991.057,1
NYC-1766-1767 (1853).Fl c.2,1
Lefferts PR5050.E42a,1
Pierrepont-1820 (1868).Fl,1
B P-[189-?]d.Fl,1
V1997.046,1
PAMP PalfreyJG-2,1
PAMP CampbellLD-3,1
ARC.190,1
PAMP Giddings-1,1
1973.221,1
ARC.164,1
ARC.197,1
1978.046,1
PAMP MasonWP-1,1
1994.011,1
CBBG CT274.M73 M69 2012,1
1977.549,1
1973.299,1
1977.388,1
ARC.215,1
CBBG LC210.6.M4N3 2012,1
1978.197,1
1973.218,1
PAMP AmCS-12,1
B P-[1853]c.Fl.Folio,1
M-[1803?].Fl,1
Bergen-1869.Fl,1
PAMP DEC-2,1
NYC-[1956].Fl,1
1977.234,1
PAMP American-6,1
L.I.-1906.Fl,1
B A-1971r.Fl,1
1974.052,1
PAMP BRFAL-8,1
E-US-1815.Folded,1
2005.053,1
1985.086,1
PAMP AmCS-6,1
B P-[189-?]c.R,1
ARC.223,1
F129.B7 W56 2000,1
V1989.025,1
1977.280,1
M-1934.Fl,1
B P-1883.Fl.Folio,1
ARC.261,1
2009.008,1
E-US-1780 (1968).Fl,1
1991.040,1
PAMP Fuller-1,1
NYC-1860.Fl,1
Bergen-1903.Fl,1
PAMP GreenFH-1,1
B P-[1835].Fl.Folio,1
N.J. 1912(1960).Fl,1
B A-1766 (19--?).Fl,1
PAMP Howe-1,1
1973.178,1
1977.576,1
NYC-1876 (19--?).Fl,1
B A-[19--?]i.Fl,1
Q-[189-?].Fl,1
ARC.117,1
Bergen-[185-?]m.Fl,1
2016.003,1
IPOF E449.C86 1993,1
E-US-[1646] (18--).Fl c.2,1
2015.010,1
1977.349,1
L.I.-[1873]b.Fl,1
NYC-1975a.Fd.Folio,1
PAMP Equiano-1,1
"D.P.W.-1:24,000 (Bay Shore East Quad).R",1
PAMP Sentinel-1,1
L.I.-[1962].Fl,1
V1974.017,1
1978.138,1
ARC.131,1
1992.029,1
Lefferts PR4570.A1 1839b,1
PAMP JonesCC-1,1
B P-[184-?]c.Fl c.2,1
1973.225,1
B C-1986e.Fl.O,1
V1992.006,1
Bergen-1890c.Fl,1
1991.032,1
PAMP KennedyJP-2,1
V1990.017,1
PAMP Burmeister-1,1
PAMP WestonGM-3,1
Bergen-[18--?]cc.Fl,1
V1992.015,1
1973.182,1
1978.029,1
PAMP Cary-1,1
Bergen-[1896].Fl,1
L.I.-[1873]l.Fl,1
PAMP PhillipsW-2,1
B A-[1931?].Fl,1
PAMP TaftSH-1,1
2011.029,1
B A-1971h.Fl,1
Bergen-1892e.Fl,1
(88) L.I.-1944.A,1
1985.098,1
PAMP JohnsonEM-1,1
Pierrepont-[18--?]c.Fl,1
PAMP SewardWH-3,1
PAMP StillW-1,1
PAMP PalmerSL-1,1
ARC.043,1
PAMP Child-4,1
PAMP SewardWH-12,1
PAMP Drisler-1,1
B P-[1850]c.Fl,1
1977.199,1
PAMP Wheatley-2,1
2015.021,1
ARC.287,1
S.I.-1968.Fl,1
L.I.-1640-1700 (1961).Fl,1
PAMP SewardWH-11,1
1977.418,1
B P-1837.Fl,1
PAMP Enormity-1,1
NYC-1923.Fd.RA,1
1977.661,1
1979.018,1
B P-[1834]a.Fl,1
PAMP SewardWH-4,1
NYC-1847.Fl,1
ARC.091,1
PAMP GiddingsJR-1,1
1978.101,1
PAMP DNC-1,1
B A-[195-?].Fl,1
1977.035,1
V1990.067,1
Bergen-1885.Fl,1
N.E.-1853.Fl,1
(101) US-15th-19th Century (1932).A,1
2000.034,1
2014.005,1
1973.300,1
1973.280,1
1991.005,1
1977.096,1
B P-1830b.Fl,1
PAMP ASCFPC-4,1
B P-1897 (19--?).R,1
1977.055,1
PAMP LoringGB-1,1
V1998.039,1
2014.017,1
1992.021,1
PAMP MooreS-1,1
B A-[1866].Fl,1
PAMP Sedgwick-2,1
B A-1907.Fl,1
Bergen-1891.Fl,1
1977.157,1
CBBG E184.A1 F8 2006,1
2009.006,1
PAMP Pilgrim-1,1
1977.316,1
CBBG PN6231.F44 H46 2012,1
B P-[1866].Fl,1
2016.002,1
PAMP Child-6,1
1977.226,1
B A-1865.Fl,1
PAMP Chambers-1,1
2001.009,1
B A-2009a.Fl,1
ARC.090,1
Pierrepont-[18--?]a.Fl,1
Bergen-1877c.Fl,1
1977.350,1
1978.009,1
1977.504,1
B A-1964.Fl,1
B A-[1873]d.Fl,1
PAMP SimmonsG-1,1
NYS-[187-?].Fl,1
1977.639,1
Q-1996.Fl,1
PAMP ASCFPC-15,1
PAMP Sumner-11,1
PAMP Furness-1,1
ARC.155,1
1977.587,1
1987.009,1
PAMP Harlan-1,1
1977.051,1
1985.019,1
1986.021,1
PAMP Guide-1,1
B P-1889.Fd.Folio,1
Bergen-[18--?]u.Fl,1
V1991.084,1
NYS-[1817].Fl.O,1
L.I.-[1853].Fl,1
1977.436,1
1986.003,1
1977.364,1
V1986.245,1
1977.650,1
PAMP WebbRD-1,1
B P-[18--?]h.Fl,1
L.I.-1845.Fl,1
B A-[18--?]f.Fl.Folio,1
B P-1891.Fl.O,1
N. Amer.-1621 (1858).Fl,1
PAMP MorseOA-1,1
B P-[189-?]b.Fl,1
PAMP Colyer-1,1
PAMP RiceNL-1,1
1978.116,1
B A-1960a.Fl,1
E-US-1635 (195-?).Fl,1
NYC-1879.A.RA,1
PAMP Keiley-1,1
1973.106,1
ARC.001,1
1979.016,1
B A-1892.Folded,1
NYS-1776-1787 (1938).Fl,1
NYC-1993.Fl,1
L.I.-1954.Fl,1
1977.156,1
PAMP SLP-1,1
(75) NYC-1945.A,1
1978.125,1
CBBG PZ7.S1949 Fe 2012,1
PAMP Faneuil-1,1
L.I.-[1925].Fl,1
B P-[1867?].Fl,1
NYS-1943.Folded,1
1978.104,1
PAMP Bickell-2,1
1977.238,1
B P-[1864]a.Fl,1
ARC.297,1
PAMP Polk-1,1
ARC.307,1
L.I.-1910.R,1
B P-[1835]a.A.RA c.2,1
Lefferts KFN1825.2 1800,1
E-US-[1740].Fl.RA,1
L.I.-18th-19th century.Fl,1
PAMP SeaverN-1,1
B P-[187-?]a.Fl,1
B A-1856.Fl,1
1974.049,1
PAMP Portrait-1,1
L.I.-[1873]k.Fl,1
B A-1885a.Fl,1
2000.018,1
PAMP MannH-3,1
1977.448,1
Rev. War-1793 (19--?).Fl,1
PAMP FooteHS-1,1
"D.P.W.-1:24,000 (Howell Point Quad).R",1
PAMP ASCFPC-5,1
2006.032,1
L.I.-1914.Fd.RA,1
1974.184,1
B A-1969.Fl,1
ARC.038,1
1977.188,1
2015.023,1
PAMP IngersollC-1,1
1977.607,1
1978.010,1
B A-1867a.Fl,1
ARC.226,1
PAMP Fugitt-2,1
PAMP Lincoln-1,1
1980.010,1
B A-1888.Fl c.2,1
PAMP AfCS-1,1
B A-[19--?]b.Fl,1
1974.151,1
V1991.075,1
1977.594,1
1977.271,1
1978.092,1
"USGS-1:24,000 (Central Islip).Fl",1
ARC.122,1
Rev. War-1776 (1964)a.Fl,1
L.I.-1916.Fl,1
Bergen-1894.Fl,1
NYS-1797 (1847)c.Fl,1
PAMP American-1,1
B P-[1838]b.Fl,1
ARC.241,1
B A-1833.Fl,1
PAMP Monroe-1,1
1974.232,1
2005.002,1
1978.126,1
1978.169,1
Rev. War [1776]b.Fl,1
1973.259,1
1974.233,1
1974.075,1
B A-1858.Fl,1
"D.P.W.-1:24,000 (Coney Island Quad).R",1
(107.5)b World-1486-1606 (1992?).A,1
PAMP Cox-1,1
IPOF E441.P96 2006,1
PAMP ASCFPC-13,1
PAMP Agnew-1,1
M-1803 (1856).Fl,1
"USGS-1:62,5000 (Ellenville).Fl",1
Rev. War-1776 (18--?).Fl,1
1977.621,1
ARC.193,1
1977.524,1
NYS-[19--?].Fl,1
V1989.028,1
M-1656-1728 (18--?)a.Fl,1
PAMP Frossard-2,1
PAMP Carpenter-1,1
B C-2010.Fl,1
PAMP Armistead-1,1
Microfilm Reel 1-3,1
1977.479,1
1973.246,1
PAMP ASCFPC-11,1
PAMP Disney-1,1
1986.046,1
1992.031,1
V1991.136,1
1973.117,1
1977.092,1
PAMP SpearST-4,1
PAMP SpearST-6,1
B A-2007.Fl,1
PAMP ThompsonJB-1,1
Luquer-1864.Fl,1
1978.166,1
1977.443,1
1977.077,1
1978.045,1
B A-1846a.Fl c.2,1
B B-[1940].Fl,1
Bergen-1854a.Fl,1
B A-[195-?]c.Fl,1
PAMP NEYMF-1,1
1977.230,1
Bergen-[185-?]g.Fl,1
1974.253,1
PAMP Savoury-1,1
V1990.055,1
PAMP NEASC-1,1
B A-[182-?].Fl,1
1977.495,1
B P-1852.Fl,1
B P-[1873].A.RA,1
V1987.007,1
NYC-1937.Fl,1
V1990.016,1
U.S.C.S.-366(1909).Fl,1
PAMP Douglas-1,1
Q-[1869?].Fl,1
PAMP Three-1,1
1977.663,1
1978.121,1
Lefferts DA447.E9 A32,1
B P-[1856].Fl,1
Rev. War-1776 (18--?)b.Fl,1
N.E.-1849.Fl,1
Q-[1873]p.Fl,1
1973.249,1
2000.011,1
(108) World-17th Century (2011).A v.1,1
PAMP ASCFPC-2,1
PAMP Etheridge-1,1
L.I.-[1930?].Fl,1
1974.176,1
B P-1897a.Fl,1
1985.089,1
1992.001,1
Lefferts BS185 1894.N4,1
(86) L.I.-1917.A v.1,1
B A-1875.Fl,1
PAMP Stringfellow-1,1
Bergen-[1851?].Fl,1
NYC-1860a.Fd.Folio,1
B P-[1897]b.Fl,1
V1990.033,1
PAMP Clarkson-2,1
Bergen-1888.Fl,1
2006.002,1
1979.004,1
1993.006,1
B P-[1897?]c.Fl,1
PAMP Remarks-1,1
PAMP Southern-1,1
B A-1885.Fl,1
B A-1962.Fl,1
PAMP Sumner-20,1
1977.268,1
PAMP AmCS-5,1
NYC-2009c.Fl,1
L.I.-1906a.Fl,1
1974.155,1
PAMP PattonW-2,1
1978.118,1
PAMP Dostie-1,1
1987.012,1
Rev. War-[1776?]a.Fl.RA,1
1977.065,1
2003.001,1
B A-1880.Fl.RA,1
B P-[1873]a.Fl,1
1977.597,1
Bergen-[18--?]r.Fl,1
NYS-1600-1800 (1934).Fl,1
1985.109,1
B C-1885.Fl,1
PAMP BRFAL-1,1
PAMP Bullard-1,1
PAMP Nordhoff-2,1
ARC.194,1
2007.036,1
Q-[1958?].Fl,1
1977.584,1
D.P.W.-1:24000 (Greenlawn Quad).R,1
B A-1891.Folded,1
2014.006,1
1978.082,1
1978.111,1
B P-[1893].Fl,1
PAMP PeabodyE-1,1
ARC.199,1
1985.033,1
1974.188,1
1985.037,1
2005.018,1
PAMP JSFEF-2,1
Lefferts PR3383.H4 1803,1
B A-[18--?].Fl.Folio,1
L.I.-[1873].Fl.Folio,1
B A-1960.Fl,1
1974.235,1
Rev. War-1776 (18--?).Fl.Folio,1
ARC.249,1
PAMP ButlerAP-1,1
L.I.-[1882].Fl,1
1978.157,1
B A-[1903].Fl,1
PAMP Day-1,1
V1987.042,1
PAMP Badger-2,1
PAMP Pennington-1,1
Bergen-[185-?]e.Fl,1
2016.009,1
B PP-[1881].Fl,1
Bergen-1889.Fl,1
Lefferts RZ401.F6 1917,1
B A-19th-20th century (1975).Fl,1
NYS-1868.A.RA,1
1977.569,1
"D.P.W.-1:24,000 (Central Park Quad).R",1
PAMP Doheny-1,1
1978.114,1
B P-1902.Fl,1
Bergen-[189-?].Fl.O,1
NYC-1849.Fl.RA,1
1974.240,1
Bergen-1887.Fl,1
1986.027,1
1985.056,1
(83) Q-1913-1919.A v.1a,1
1985.028,1
1977.061,1
L.I.-[195-?].Fl,1
ARC.020,1
M-[1921?].A.RA,1
1973.109,1
ARC.140,1
PAMP CareyHC-2,1
B P-[1879].Fl,1
1973.220,1
B A-[1939].Fl,1
PAMP Sipkins-1,1
"D.P.W.-1:24,000 (Amityville Quad).R",1
L.I.-[1873]a.Fl,1
Bergen-[18--?]uu.Fl,1
PAMP Carroll-1,1
1978.049,1
PAMP FosterGL-1,1
1985.044,1
NYS-1758 (18--?).Fl,1
1978.174,1
PAMP Dana-1,1
1986.057,1
PAMP Douglas-5,1
1985.004,1
"D.P.W.-1:24,000 (Jamiaca Quad).R",1
1985.039,1
2000.013,1
PAMP ClayH-4,1
B A-2009.Fl,1
B A-2011.Fl,1
V1991.013,1
V1991.124,1
PAMP HaleJP-2,1
PAMP Christy-1,1
PAMP What-1,1
PAMP KirkEN-1,1
B P-[1852].Fl,1
1978.124,1
1991.001,1
1977.522,1
PAMP ConwayMF-1,1
(65) B P-[1839].A,1
V1986.038,1
1973.223,1
V1998.002,1
PAMP SpearST-7,1
ARC.218,1
B A-1872.Fd,1
2007.018,1
PAMP JacobsHA-1,1
1977.454,1
PAMP NCBFAA-1,1
L.I.-1904a.Fl,1
IPOF E445.M3 P46 2006,1
NYC-1767 (1967).Fl,1
ARC.120,1
B P-[1825?]a.Fl,1
PAMP Douglas-6,1
US-1842.A.RA,1
PAMP Sumner-22,1
L.I.-[197-?].Fl.Folio,1
2007.047,1
1992.013,1
PAMP BeecherCE-1,1
V1982.003,1
PAMP ShieldsJ-1,1
"D.P.W.-1:24,000 (East Hampton Quad).R",1
B A-1897.Fl,1
ARC.150,1
B P-1880.Fl,1
B P-[1835].Fl.Folio c.3,1
NYC-1927.Folded,1
PAMP CSA-1,1
PAMP Bemis-1,1
NYS-[1950].Fl,1
V1986.026,1
PAMP ClayH-5,1
1977.560,1
PAMP AmCS-10,1
NYS-[1825?].Fl,1
PAMP FisherGE-1,1
ARC.217,1
(83) Q-1913-1919.A v.2a,1
PAMP Pelletan-1,1
L.I.-1974.O,1
CBBG HQ801.8 .N27 1997,1
B P-[1869]d.Fl,1
1977.193,1
PAMP Table-2,1
PAMP StephensAH-2,1
ARC.123,1
PAMP RootJM-1,1
PAMP Barnard-1,1
Q-1948.Folded,1
Bergen-[18--?]ff.Fl.O,1
B A-1856b.Fl,1
PAMP Channing-3,1
B P-[1833]a.Fl,1
1978.153,1
B A-[19--?]e.Fl,1
ARC.269,1
PAMP Latrobe-1,1
B P-[1873].Fl,1
1973.087,1
1973.291,1
1974.044,1
Q-1921.Fl,1
B PP-[1867?].Fl,1
1977.255,1
NYS-1756.Fl.RA,1
1977.198,1
1992.006,1
PAMP Blodgett-1,1
1977.625,1
Q-1840.Fl,1
"D.P.W.-1:24,000 (Flushing Quad).R",1
B P-1870 (1943)b.Fl,1
PAMP DonnellRS-1,1
NYC-1860a.Fl,1
PAMP Meigs-1,1
M-[1886?].Fl,1
B P-[1848]a.Fl c.2,1
B P-[1877].Fl.RA,1
PAMP BRFAL-9,1
1973.127,1
B P-[183-?].Fl,1
IPOF F128.9.N4 W48 2002,1
PAMP Sumner-6,1
PAMP Bay-1,1
B A-[1940?].Fl,1
B P-[18--?]g.Fl,1
PAMP Sumner-24,1
Bergen-[1892?]f.Fl,1
"USGS-1:62,500 (Port Jervis).Fl",1
1986.042,1
PAMP Dorr-1,1
B P-[189-?]a.Fl.Folio,1
PAMP Durkee-1,1
M-1817 (1855?).Fl,1
NYC-[186-?]a.Fl,1
1992.015,1
Bergen-[185-?].Fl,1
B A-1995.Fl,1
L.I.-[189-?]a.Fl,1
B A-1911.Fd.RA,1
PAMP CDAS-4,1
PAMP FES-1,1
PAMP Giddings-4,1
1973.175,1
L.I.-1905c.Fl,1
PAMP Cheever-3,1
1986.026,1
Bergen-1887b.Fl,1
B P-[189-?]e.Fl,1
PAMP Fulton-2,1
1973.113,1
Bergen-1886.Fl,1
B P-[1869]a.Fl c.2,1
V1987.011,1
1978.021,1
ARC.216,1
V1988.025,1
PAMP PeabodyE-2,1
B A-2011b.Fl,1
NYS-1856.Fl,1
PAMP ClayH-7,1
V1974.036,1
(99) World-1952.A,1
L.I.-[1873]l.Fl c.2,1
N. Amer.-1621 (1877).Fl,1
2015.004,1
PAMP LincolnA-2,1
Bergen-1901.Fl,1
PAMP AmCS-8,1
1977.545,1
N.J. 1890a.Fl,1
1973.183,1
ARC.009,1
ARC.019,1
B P-[1865?].Fl.F,1
B P-1836.Fl.Folio,1
L.I.-1929.Fl,1
Bergen-[185-?]j.Fl,1
Pierrepont-[18--?]h.Fl,1
B A-1884.Fl,1
PAMP ClevelandWN-1,1
L.I.-[1845?].Fl,1
ARC.198,1
1977.286,1
B P-1884.Fl,1
PAMP Dickinson-1,1
Bergen-1887a.Fl,1
1978.141,1
"D.P.W.-1:24,000 (Southampton Quad).R",1
1986.050,1
Bergen-1889a.Fl,1
PAMP Document-2,1
PAMP Child-1,1
US-[1892?].Fl,1
Q-1913.Fl.Folio,1
L.I.-1927.Fl.Folio,1
Bergen-[1892?]a.Fl,1
1977.365,1
1985.023,1
PAMP HowSB-1,1
NYS-1886.Fl,1
1978.137,1
"D.P.W.-1:24,000 (Lloyd Harbor Quad).R",1
1977.406,1
1985.048,1
ARC.039,1
1985.021,1
1977.074,1
2012.002,1
Bergen-1890.Fl,1
NYS-1894a.Fl,1
NYC-1830.Fl,1
1977.437,1
Lefferts QP36.W18,1
ARC.202,1
ARC.125,1
PAMP SargentFW-1,1
PAMP Talmage-1,1
1974.179,1
Pierrepont-[1885?].Fl,1
PAMP Farnsworth-1,1
Bergen-[186-?]c.Fl,1
1977.506,1
RI-1855.Folded,1
PAMP Craig-1,1
1977.190,1
PAMP DPNY-2,1
B P-[1846]c.Fl,1
1985.097,1
PAMP Beard-1,1
NYS-1841a.Fl,1
1985.013,1
PAMP Duer-1,1
1977.415,1
NYC-1969.Fl,1
B A-[1892?].Fl,1
L.I.-1910.Fd,1
B A-1776 (1864).Fl,1
B A-1887.Fl,1
Bergen-[18--?]dd.Fl,1
NYC-[1900?].Fl,1
NYS-[1850]a.Fl,1
1977.172,1
1985.077,1
L.I.-[18--?]j.Fl,1
1977.501,1
1979.007,1
ARC.138,1
B P-[18--?]d.Fl,1
PAMP Burnett-1,1
PAMP Buck-1,1
1993.001,1
L.I.-1891.Fl.O,1
M-[1940].Fl,1
ARC.227,1
PAMP SargentLM-1,1
NYC-1766-1767 (1973).Fl,1
1977.209,1
1994.013,1
PAMP Sumner-29,1
B C-1995.Fl,1
B P-[18--?]o.Fl,1
B A-1984.Fl c.2,1
"D.P.W.-1:24,000 (Gardiners Island East Quad).R",1
PAMP Everett-3,1
B P-[1853?].Fl,1
PAMP DodgeMA-1,1
PAMP Appeal-2,1
ARC.195,1
PAMP AFAS-7,1
V1988.039,1
PAMP DuBois-1,1
B A-1888b.Fl,1
(95) NYS-1876.A,1
1977.143,1
M-1776 (1863).Fl,1
B P-[1862].Fl.Folio c.2,1
V1986.249,1
V1990.048,1
B P-1891a.Fl.O,1
PAMP Howlett-1,1
PAMP Julian-2,1
ARC.275,1
1992.003,1
B A-[1848?]a.Fl,1
PAMP PalmerBM-1,1
1986.008,1
PAMP ASCFPC-1,1
B P-[188-?]c.R,1
1977.413,1
1977.257,1
NYC-1905.Fl,1
PAMP PierceEL-1,1
PAMP BassettW-1,1
Atl.-1866.Fl,1
CBBG E184.A1 M89 1996,1
PAMP RaymondHJ-2,1
CBBG PS3569.E618 C38 1999,1
B P-[18--?]a.Fl.O,1
NYC-1766-1767 (1853).Fl,1
B A-[1971?].Fl,1
PAMP Gillette-1,1
PAMP DNR-1,1
B C-[18--?]a.Fl,1
1978.158,1
B A-1869b.Fl c.2,1
M-1695 (1853).Fl,1
V1987.002,1
(71) M-1930.A,1
V1991.069,1
B P-[17--?] (1864).Fl c.2,1
Q-[1869].Fl,1
B A-1862.Fl,1
V1990.029,1
Bergen-1855a.Fl,1
PAMP Sloane-1,1
PAMP ClarkeJF-1,1
ARC.180,1
1990.027,1
B P-[1847].Fl.Folio,1
US-[179-?].Fl.RA,1
2013.009,1
(89) L.I.-1924.A.F v.1-2,1
PAMP AdamsCF-1,1
PAMP DPNY-1,1
PAMP Gentry-1,1
PAMP FisherHW-1,1
B P-[1850]d.Fl,1
PAMP Bassett-2,1
ARC.258,1
V1990.023,1
1985.115,1
2001.053,1
PAMP Sumner-21,1
B A-[1873]c.Fl,1
PAMP Wheatley-1,1
PAMP Supreme Court-1,1
IPOF E449.D84,1
V1991.067,1
PAMP JamesH-1,1
1974.242,1
B P-[1846]a.Fl,1
PAMP Constitutionalist-1,1
M-2000.Fl,1
N.J. 1890.Fl,1
B P-[1862].Fl.Folio c.3,1
B PP-2010.Fl,1
B P-[18--?]c.Fl,1
2014.002,1
B P-[1850].Fl,1
1977.492,1
L.I.-[1905?].Fl,1
PAMP Ariel-1,1
PAMP Edgar-1,1
L.I.-1903.Fl,1
PAMP ParkerJ-3,1
ARC.055,1
PAMP Silvester-1,1
V1984.002,1
PAMP Holland-1,1
ARC.013,1
NYS-1932.Fl,1
NYC-2010.Fl,1
1977.149,1
1973.121,1
2013.001,1
1973.292,1
World-1841.A.RA,1
NYS-1960.Fl,1
E-US-[1562?].Fl.RA,1
PAMP JSFEF-1,1
1974.122,1
1977.204,1
NYC-2001a.Fl,1
1980.009,1
B A-[195-?]a.Fl,1
Rev. War-1776-1783 (18--?)b.Fl,1
PAMP SewardWH-14,1
Bergen-1869a.Fl,1
B A-[2010?]b.Fl,1
1985.020,1
1977.580,1
L.I.-1855.Fl.O,1
1974.156,1
NYC-[1853?].Fl,1
M-1880a.A.RA,1
1977.498,1
PAMP AFAS-2,1
1973.089,1
1973.081,1
M-1660 (1947).Fl,1
PAMP Madden-1,1
L.I.-[1873]o.Fl,1
Pierrepont-1828.Fl,1
PAMP Dawes-2,1
PAMP Sumner-4,1
L.I.-[19--?]c.Fl,1
1974.133,1
M-1796 (1861).Fl,1
PAMP SewardWH-5,1
PAMP Life-1,1
1978.090,1
NYC-1873.Fl,1
PAMP Clingman-1,1
PAMP ThompsonJP-3,1
B P-[1842].Fl,1
M-1814 (1856).Fl,1
ARC.053,1
B A-1845.Fl c.2,1
B A-1860.Fl,1
1980.011,1
1973.146,1
1977.391,1
Pierrepont-1859.Fl,1
B A-1804 (1918).R,1
B A-[1990?].Fl,1
NYC-2011.Fl,1
NYS-1907.Folded,1
1995.009,1
Bergen-1892a.Fl,1
1977.623,1
B P-[1873].A.RA c.2,1
PAMP NottCC-1,1
1973.111,1
1977.533,1
L.I.-[1891].Fl,1
U.S.C.S.-1845 (1976).Fl,1
B P-[1850?].Fl,1
N.E.-1782 (1963).Fl,1
PAMP Clapp-1,1
B P-[1907].Fl,1
NYS-[1827?].Fl,1
Bergen-1828 (1869).Fl.O,1
PAMP SmithG-1,1
PAMP PrentissGL-2,1
NYC-2007.Fl,1
Bergen-[1877?].Fl,1
CBBG PN6071.B57 A58 2004,1
PAMP LowHR-1,1
PAMP Ferry-1,1
PAMP Table-1,1
B A-17th century-19th century (1944).Fl,1
1985.093,1
1977.048,1
1977.208,1
PAMP Inquiry-1,1
V1988.047,1
B P-[18--?]j.Fl,1
PAMP Latrobe-2,1
1977.220,1
PAMP Baird-1,1
2015.029,1
PAMP MannH-4,1
M-1656-1728 (18--?).Fl,1
B P-[1855]a.Fl,1
PAMP BlairFP-1,1
ARC.049,1
1974.035,1
B A-1879a.Fl,1
B P-[188-?].Fl,1
1977.084,1
PAMP APM-1,1
2011.006,1
1977.006,1
1978.149,1
(64b) NYC-1956.A,1
PAMP Sumner-23,1
PAMP FooteAH-1,1
B P-1852.Fl.Folio,1
ARC.110,1
PAMP Emmet-1,1
1991.012,1
V1990.073,1
B A-1971e.Fl,1
2013.005,1
B A-[18--?]a.Fl.Folio,1
B P-[18--?]f.Fl,1
PAMP CSAFCCY-1,1
PAMP RandA-1,1
M-[1880].A.RA,1
NYC-[186-?]b.Fl,1
1978.117,1
1985.106,1
PAMP Carroll-2,1
B A-1873 (19--?).Fl,1
PAMP Gooch-1,1
1991.026,1
B A-[18--?]b.Fl.Folio,1
B A-1953a.Fl,1
PAMP CIFPC-2,1
Bergen-[189-?]d.Fl,1
1978.145,1
1978.075,1
NYC-2015.Fl,1
NYS-1790 (18--?).Fl,1
B P-[1870?]a.Fl c.5,1
1973.250,1
1977.323,1
NYS-[1829].Folded,1
1977.417,1
PAMP Corrupt-1,1
Lefferts BX5943.A1 1868,1
V1990.028,1
M-[18th-19th Century] (1910).Fl,1
M-2001.Fl,1
1977.608,1
B P-1868a.Fl,1
V1988.033,1
PAMP Pennington-2,1
Bergen-1892d.Fl,1
PAMP SullivanTR-1,1
PAMP English-1,1
PAMP Republican-2,1
B A-2011a.Fl,1
1978.100,1
1977.414,1
ARC.165,1
1977.312,1
1979.010,1
L.I.-1851.Fl,1
1985.116,1
S.I.-1996.Fl,1
PAMP AFAS-6,1
PAMP BeecherHW-2,1
"D.P.W.-1:24,000 (Middle Island Quad).R",1
Nautical chart-13006.Fl.Folio,1
ARC.026,1
1974.250,1
CBBG GV875.B7 G65 2000,1
"USGS-1:24,000 (Mechanicville).Fl",1
NYC-1953.Fl,1
B A-1843.Fl,1
PAMP StevensT-1,1
PAMP Jacobs-1,1
PAMP PrentissGL-1,1
1974.228,1
1992.020,1
1991.019,1
1977.202,1
1985.064,1
V1987.010,1
PAMP Suppe-1,1
1977.483,1
NYS-1864.Fl C2 c.2,1
PAMP LincolnA-3,1
B P-[1834]e.Fl,1
V1997.075,1
B A-1971a.Fl.Folio,1
PAMP Bennett-2,1
1974.160,1
1974.006,1
NYC-1863.Fl,1
PAMP Address-1,1
Bergen-1860.Fl,1
PAMP SeymourH-1,1
L.I.-1847.Folded,1
NYC-[1860].Fl,1
1978.040,1
IPOF F128.9.N4 W55 2001,1
NYC-1960.Fl,1
NYS-1880.Fl,1
1991.057,1
P-1870 (1942).Fl c.3,1
PAMP ClarkJB-1,1
PAMP MortonOP-2,1
PAMP Document-1,1
1981.009,1
PAMP ThayerE-1,1
1993.004,1
Bergen-[1877]a.Fl,1
Bergen-[189-?]a.Fl,1
1988.018,1
Bergen-[185-?]b.Fl,1
NYS-1827.Fl,1
B P-[1889?].Fl.Folio,1
1973.229,1
US-1845.A.RA,1
PAMP SebastianWK-1,1
PAMP ClayCM-1,1
NYS-[1987].Fl,1
ARC.103,1
ARC.236,1
PAMP Dabney-1,1
PAMP AFAS-8,1
2006.011,1
B A-[1897?]c.Fl,1
(73) NYC-[1924?].A,1
1978.168,1
1977.671,1
1974.257,1
PAMP BTAS-1,1
ARC.137,1
NYC-1939b.Fl,1
Nautical chart-13205.Fl.Folio,1
PAMP Crummell-1,1
B A-[188-?].Fl,1
Nautcal Chart-1108.Fl.Folio,1
B C-[193-?]a.Fl,1
B A-1959.Fl,1
B A-1960.Fl.F,1
B A-[1884?].Fl,1
ARC.178,1
1973.196,1
B P-[1889].Fl,1
ARC.263,1
1977.603,1
B A-[18--?]c.Fl,1
B A-[185-?]b.Fl,1
PAMP Motley-2,1
NYS-1800 (1847).Fl,1
1986.036,1
L.I.-1952.A.RA,1
Rev. War-1776 (18--?)c.Fl,1
1973.084,1
1992.016,1
B P-[1897?].Fl.Folio,1
PAMP McDonogh-1,1
1985.091,1
PAMP Fessenden-1,1
1973.140,1
PAMP PFAS-1,1
NYC-[1972].Fl,1
Bergen-1876.Fl,1
ARC.243,1
1977.618,1
1977.106,1
B P-[1852]a.Fl,1
L.I.-[1855].Fl,1
B P-1842.A.RA,1
B P-[1833]c.Fl,1
E-US-[1736].Fl.RA,1
NYC-[1939].Fl,1
B A-[19--?].Fd.RA,1
V1974.003,1
B P-[1835]a.A.RA,1
NYC-1872.Fl,1
1990.013,1
ARC.277,1
V1974.034,1
PAMP Sumner-16,1
PAMP Dowdell-1,1
ARC.170,1
PAMP AmCS-17,1
NYC-2002.Fl,1
PAMP Issue-2,1
B B-[1920].Fl,1
Bergen-1855.O,1
B A-[1873]b.Fl,1
Q-[1873]d.Fl,1
1977.083,1
"USGS-1:62,500 (Newburg).Fl",1
"D.P.W.-1:24,000 (Lawrence Quad).R",1
PAMP PayneDA-1,1
1977.141,1
B P-1848a.Fl,1
Nautical Chart-12143.Fl.Folio,1
PAMP HallNe-2,1
B P-[1825?].Fl,1
PAMP Loyalty-1,1
B C-[192-?].Fl,1
B P-[1870].Fl,1
1977.412,1
ARC.041,1
ARC.177,1
PAMP Cochin-2,1
B A-1971k.Fl,1
1973.160,1
1977.086,1
ARC.184,1
2005.001,1
Bergen-[18--?]ee.O,1
PAMP PYMRSF-1,1
B P-1887.Fl,1
Bergen-[185-?]d.Fl,1
2008.010,1
1977.285,1
1977.456,1
B A-1899.Fl,1
NYS-1797 (1847).Fl,1
B A-[18--?]f.Fl,1
PAMP Inconsistency-1,1
PAMP Darling-1,1
Bergen-1857.Fl,1
1973.108,1
V1986.022,1
B P-[1848].Fl,1
1977.313,1
1985.085,1
PAMP DavisHW-1,1
B B-1946.Fl,1
B A-[195-?]d.Fl,1
V1986.059,1
PAMP Real-1,1
1977.046,1
B A-1959a.Fl,1
NYC-1992.Fl,1
PAMP Fish-1,1
Bergen-[1869?].Fl,1
NYS-1855.Fl,1
M-1664 (1859?).Fl,1
PAMP DeGrasse-1,1
ARC.271,1
PAMP Latrobe-3,1
CBBG PS374.M35 W45 2005,1
1978.004,1
ARC.127,1
PAMP Gurley-1,1
1974.149,1
PAMP LowHR-2,1
(104) US-1966.A,1
PAMP Arnold-1,1
CBBG CT275.B56732 A3 2009,1
PAMP QuincyJ-1,1
V1974.024,1
PAMP ReedWB-1,1
(103) World-1855.A,1
Rev. War-1775-1783 (1881).A,1
PAMP Fowler-1,1
Q-[1873]o.Fl,1
NYS-1820.Fd.Folio,1
1978.006,1
1973.296,1
1985.045,1
Lefferts BR85.D78 1898,1
PAMP ChaseW-1,1
ARC.272,1
PAMP Kansas-1,1
2013.008,1
B P-[1851]d.Fl,1
1978.134,1
1977.604,1
1977.530,1
B A-1864.Fl,1
PAMP EllisGE-1,1
2012.010,1
PAMP Sumner-15,1
1977.519,1
PAMP BrownTC-1,1
PAMP Leggett-1,1
1985.034,1
B A-1882.Fl,1
1977.287,1
PAMP Free-1,1
PAMP Waterston-1,1
L.I.-[1873]i.Fl,1
S.I.-[1963?].Fl,1
NYC-2015a.Fl,1
B P-[1854?].Fl.Folio,1
2007.041,1
L.I.-1889.Fl,1
Bergen-1890e.Fl,1
1988.016,1
NYS-1839.Fl,1
B P-[18--?]k.Fl,1
Bergen-1851.Fl.O,1
NYC-[1917?].Fl,1
1977.020,1
ARC.083,1
1977.562,1
1980.004,1
PAMP LordD-1,1
1973.297,1
World-1911.A,1
B P-1939.Fl.Folio,1
PAMP Dewey-1,1
1985.105,1
1974.072,1
PAMP BairdHC-1,1
1985.113,1
B P-1888a.Fl,1
1978.162,1
Q-[18--?]a.Fl,1
1989.010,1
Mid. Atl.-[1958].Fl,1
ARC.068,1
V1991.105,1
1986.039,1
ARC.168,1
PAMP SC-1,1
PAMP StuartCE-1,1
B P-[1890].A,1
PAMP AASS-1,1
B P-[1834]f.Fl,1
1973.287,1
V1997.083,1
B PP-[1865].Fl,1
2014.010,1
1973.305,1
1977.117,1
"D.P.W.-1:24,000 (Napeague Beach Quad).R",1
PAMP Marjoribanks-1,1
PAMP SewardWH-8,1
PAMP Appleton-1,1
Rev.War-1776(1976)b.Fl,1
E-US-1939.Fl c.2,1
2011.007,1
PAMP StewartA-1,1
NYS-1805 (1847)a.Fl,1
L.I.-1910a.Fl,1
B PP-1986.Fl,1
PAMP StephensAH-3,1
PAMP Duffield-1,1
PAMP FitchGN-1,1
NYS-1937.Fl,1
B P-[1888]a.Fl,1
PAMP Martineau-2,1
NYC-1848.Fl.RA,1
1977.136,1
1986.016,1
NYC-[1921?]a.Fl,1
PAMP Address-2,1
NYS-1798 (1850).Fl,1
B P-1830.Fl.O,1
NYC-1843.Fl.RA,1
ARC.209,1
1973.310,1
Pierrepont-1894.Fl,1
PAMP SmithGo-1,1
PAMP MorseSE-1,1
Rev. War-1775-1781 (18--?).A.F,1
NYC-1887.Fl,1
PAMP ParkerT-2,1
1973.219,1
B A-[1888].Fl.F,1
1978.052,1
1973.188,1
PAMP Cairnes-1,1
M-[1836?].Fl,1
PAMP Sumner-2,1
2016.028,1
B P-[1870]a.Fl,1
L.I.-1894a.Fl,1
2007.044,1
ARC.301,1
1978.024,1
PAMP AmCS-3,1
B A-1971l.Fl,1
B A-1846a.Fl,1
ARC.146,1
1979.021,1
1977.041,1
B P-1919.Fl,1
PAMP IngersollJR-1,1
PAMP Fletcher-1,1
Bergen-[18--?]e.Fl,1
L.I.-[19--?]d.Fl,1
B P-[18--?].Fl.RA,1
V1991.125,1
PAMP CampbellLD-1,1
PAMP Oliphant-1,1
B PP-2005.Fl,1
NYC-1766-1767 (1854).Fl,1
Bergen-1890-1891.Fl,1
1977.387,1
ARC.201,1
Bergen-[189-?]c.Fl,1
PAMP SmithG-2,1
B P-[1878].Fl,1
(64d) E-US-1971a.A,1
V1974.015,1
V1997.073,1
1978.019,1
Bergen-1869b.Fl,1
ARC.012,1
B P-1897.Fl,1
V1974.043,1
PAMP QuincyJ-3,1
1977.162,1
NYS-1864.Fl C2,1
Mid. Atl.-1904.Fd.RA,1
PAMP MooreE-1,1
PAMP Authentic-1,1
PAMP ParkerT-1,1
NYC-1932.Fl,1
PAMP BFASD-1,1
1977.321,1
1977.517,1
2010.010,1
IPOF E185.96.H65 1988,1
M-1834.A.RA,1
B A-1879c.Fl,1
Q-[1873]h.Fl,1
PAMP MillJS-1,1
1991.051,1
NYC-[1929?].Fl,1
PA-1792.Fl.RA,1
PAMP Christian-1,1
B P-[1838].Fl,1
PAMP Martyr-1,1
1978.054,1
1977.304,1
PAMP Campbell-2,1
PAMP ScribnerIW-1,1
V1987.013,1
B P-[1869].Fl,1
1974.018,1
B P-[1835]b.Fl,1
Bergen-1853-1860.Fl,1
NYS-[1953].Fl,1
B P-[1869]f.Fl,1
PAMP Sumner-9,1
1974.247,1
PAMP Kirkland-1,1
PAMP DeanG-1,1
B A-1962c.Fl,1
1977.062,1
N. Amer.-1529 (1873?).Fl,1
"D.P.W.-1:24,000 (Wading River Quad).R",1
1979.012,1
U.S.C.S.-[1856].Fl,1
NYC-1995.Fl,1
ARC.056,1
2007.008,1
B A-1889.A.Folio,1
NYS-1797 (1847)d.Fl,1
PAMP FisherSG-1,1
ARC.034,1
ARC.171,1
1980.025,1
1977.396,1
2006.034,1
V1981.015,1
PAMP CSSC-1,1
B P-[1845]a.Fl,1
M-1664(1897).Fl,1
L.I.-1830.Fl,1
1977.293,1
"D.P.W.-1:24,000 (Belleport Quad).R",1
ARC.031,1
Pierrepont-1856a.Fl,1
ARC.063,1
B A-1776-1783 (18--?).Fl,1
PAMP Kelley-2,1
1978.056,1
NYC-2001.Fl,1
1978.058,1
B A-1888a.Fl,1
1978.154,1
Lefferts KF387.B6 1921,1
Bergen-1890-[1892].Fl,1
NYC-1874.Fl,1
PAMP Minot-1,1
B P-1896.Fl.O,1
M-1656-1728 (18--?)a.Fl c.3,1
1978.122,1
NYC-2014.Fl,1
B P-[182-?].Fl,1
PAMP PollardEA-1,1
PAMP Ashmun-1,1
NYS-[189-?].Fl,1
NYC-1974b.Fl,1
"D.P.W.-1:24,000 (Hicksville Quad).R",1
Bergen-[185-?]f.Fl,1
1974.127,1
PAMP MoreheadCS-1,1
1974.024,1
1986.040,1
PAMP PellRC-1,1
V1987.032,1
1978.196,1
V1988.001,1
B P-[189-?]a.Fl,1
1974.134,1
PAMP O'Reilly-1,1
PAMP Anti-1,1
L.I.-[1873]m.Fl,1
V1974.020,1
NYC-[1770?].Fl.F.RA,1
1977.169,1
B P-[17--?] (1864).Fl,1
1977.295,1
1977.246,1
2001.006,1
B P-[1854].Fl,1
U.S.C.S.-365.Fl,1
1985.101,1
V1989.019,1
ARC.119,1
Q-1964.Fl,1
M-1856.Fl.Folio,1
1985.117,1
Bergen-1907.Fl,1
1977.216,1
1978.008,1
1977.129,1
B A-1988a.Fl,1
Bergen-1852a.Fl,1
B A-[185-?].Fl,1
ARC.151,1
(102) US-15th-19th Century (1969).A,1
1977.180,1
V1991.113,1
V1987.021,1
NYC-[193-?].Fl,1
B A-1879b.Fl,1
"DOT-1:250,000 (NY-south).Fl.Folio",1
B P-[18--?]a.Fl,1
PAMP Kendall-1,1
B PP-1888.Fl,1
1986.033,1
ARC.299,1
B A-1977-1978.Fl,1
ARC.192,1
PAMP DePeyster-2,1
V1981.286,1
(93) NYS-1873.A,1
B PP-[186-?].Fl,1
B A-1935a.Fl,1
B P-[1895?].Fl,1
Bergen-[18--?]t.Fl,1
L.I.-1837.Fd.Folio,1
NYC-[177-?].Fl.RA,1
World-1844.A.RA,1
ARC.029,1
B P-1897d.Fl,1
Bergen-1878.Fl,1
1977.171,1
1974.168,1
Bergen-[1892?]d.Fl,1
1985.078,1
NYC-1764 (1861).Fl,1
ARC.143,1
ARC.267,1
PAMP AmCS-7,1
PAMP AdamsCF-3,1
Lefferts PS3503.E1135 S55 1909,1
ARC.242,1
1974.038,1
CBBG HQ536 .B3225 2011,1
CBBG E184.A1 P42 2011,1
NYS-[1818].Folded,1
V1974.021,1
Bergen-1880.Fl,1
B C-1986b.Fl.O,1
NYS-1975.Fl,1
1977.303,1
Bergen-1864.Fl.O,1
PAMP Douglas-7,1
Pierrepont-[185-?].Fl,1
Bergen-1868a.Fl,1
PAMP Nott-2,1
1986.018,1
B A-1984a.Fl,1
1977.112,1
1977.667,1
1978.179,1
B P-[1870]c.Fl,1
1978.020,1
PAMP WinslowH-1,1
(96) E-US-1932.A,1
B P-1899.A.RA,1
ARC.285,1
Bergen-[1892?]h.Fl,1
US-1796.A.RA,1
NYS-1970.Fl,1
1977.253,1
V1988.028,1
B P-1857a.Fl,1
NYC-1967.Fl,1
1977.054,1
B P-[1869]b.Fl,1
IPOF E445.D6 P33 2005,1
ARC.162,1
US-1802.Folded,1
1992.030,1
Bergen-1868.Fl,1
PAMP Colfax-3,1
E-US-[1829?].Fl,1
1985.015,1
ARC.018,1
1985.043,1
B A-1971a.Fl,1
1977.144,1
NYC-[1828].Fl,1
B P-[1850]e.Fl,1
2008.013,1
1974.008,1
PAMP GraysonWJ-1,1
PAMP SewardWH-13,1
B P-[1]881.Fl,1
ARC.148,1
1974.153,1
2005.010,1
NYS-[1936?].Fl,1
L.I.-[1887].Fl,1
1985.075,1
1974.252,1
ARC.264,1
"D.P.W.-1:24,000 (West Gilgo Beach Quad).R",1
B P-[184-?]a.Fl,1
NYC-2000a.Fl,1
M-1954.Fl,1
PAMP Fact-1,1
V1991.070,1
L.I.-[177-?] (1968).Fl.Folio,1
PAMP Chandler-1,1
1974.259,1
B P-[1863]b.Fl,1
PAMP MarshL-1,1
PAMP PECCSA-1,1
1974.004,1
B A-[1952?].Fl,1
M-2011.Fl,1
US-1840.Fl.RA,1
PAMP PorterN-1,1
V1991.005,1
PAMP AmCS-14,1
PAMP Anti-2,1
NYC-1868.Folded.RA,1
1973.176,1
B A-[195-?]b.Fl,1
PAMP CSA-6,1
B A-1857.Fl.Folio,1
B P-[1836].Fl,1
L.I.-1850.Fl,1
PAMP Heyrick-1,1
NYC-1858.Fl,1
Q-1940.Fl,1
1979.008,1
B A-1776-1783 (18--?)a.Fl,1
NYC-1867.Fl,1
1992.018,1
Q-1939.Fl,1
1977.331,1
Rev. War-1776 (1781).Fl,1
1986.038,1
1991.010,1
M-1797 (1853).Fl,1
PAMP Bell-1,1
PAMP American-3,1
Mid Atl.-[18--?].Fl,1
PAMP Loring-1,1
1977.126,1
V1989.018,1
B P-[189-?]c.Fl,1
1978.152,1
E-US-1776.Fl,1
PAMP StreetT-1,1
NYC-1896.Fl,1
1991.044,1
B A-1997.Fl.Folio,1
PAMP Benjamin-2,1
PAMP Gibson-1,1
ARC.087,1
B PP-1982a.Fl,1
1988.051,1
ARC.141,1
1988.050,1
PAMP Sumner-28,1
NYS-1950.Fl,1
PAMP AdamsCF-2,1
V1990.032,1
B P-[1870?].Fl,1
PAMP StephenJ-2,1
Bergen-1868.Fl.RA,1
L.I.-1915.R,1
PAMP StantonEC-1,1
PAMP ClarkRW-1,1
B A-[1929].Fl,1
B P-[1870?]a.Fl,1
NYS-1851.Fl.RA,1
1977.543,1
Bergen-[18--?]m.Fl,1
M-[1835].Fl,1
B A-1906.Fl c.2,1
B P-1871.Fl.RA,1
PAMP North-1,1
1977.181,1
B A-2008.Fl,1
RI-1850.Fd,1
PAMP Sumner-27,1
TT500 .V7 1941:March,1
NYC-2011c.Fl,1
2016.034,1
1977.369,1
ARC.211,1
V1992.009,1
B P-[18--?]e.Fl,1
1977.307,1
Q-[1873]i.Fl,1
B A-1898.A.Folio,1
(83) Q-1913-1919.A v.2,1
NYS-1982.Fl,1
PAMP FWJFSL-1,1
Luquer-[1846?].Fl,1
V1988.040,1
PAMP Aikman-1,1
B A-1869a.Fl,1
Mid. Atl.-1975.Fl,1
PAMP SmithFOJ-1,1
Bergen-[18--?]n.Fl,1
B A-[195-?].Folded,1
ARC.270,1
ARC.057,1
"D.P.W.-1:24,000 (Eastport Quad).R",1
V1990.064,1
1977.327,1
Bergen-[1868]e.Fl,1
1978.063,1
V1980.005,1
PAMP ELNY-1,1
1977.472,1
L.I.-[1873]c.Fl,1
PAMP Bradwell-1,1
1977.332,1
Q-1969.Fl.Folio,1
PAMP Sumner-1,1
Bergen-1879.Fl,1
PAMP Aughey-1,1
PAMP QuincyE-1,1
NYC-1907.Folded,1
PAMP Slavery-1,1
L.I.-1769 (1859).Fl,1
PAMP KennedyJP-1,1
B A-1861 (19--?).Fl,1
NYS-1894.Fl,1
PAMP Stowe-1,1
Bergen-1855b.Fl,1
PAMP JCF-1,1
1986.034,1
1977.419,1
1977.514,1
NYC-[1920].Fl,1
PAMP Badger-1,1
L.I.-[1873]s.Fl,1
PAMP MaconN-1,1
V1987.003,1
B P-[1854?]a.Fl,1
PAMP Everett-5,1
Bergen-1867b.Fl,1
PAMP Julian-1,1
1977.511,1
M-1852a.Fl,1
B P-[1888].Fl,1
B PP-[1866].Fl,1
V1987.051,1
U.S.C.S.-1848 (1976).Fl,1
B P-1896c.Fl,1
1986.035,1
PAMP Robbins-1,1
B P-[1831].Fl,1
B PP-1990a.Fl,1
Pierrepont-[1873?].Fl,1
B A-[18--?]g.Fl,1
PAMP Croly-1,1
1978.097,1
1977.040,1
L.I.-17th century (19--?).Fl,1
1977.256,1
PAMP Republican-3,1
1997.080,1
NYS-1847.Fl,1
ARC.234,1
L.I.-1675 (1974).Fl,1
B A-[1889?].Fl,1
PAMP Fugitt-1,1
PAMP LewisJW-1,1
"D.P.W.-1:24,000 (Bayville Quad).R",1
Bergen-[18--?]bb.Fl,1
PAMP Joinville-1,1
PAMP Hughes-1,1
L.I.-[1992].Fl.Folio,1
Bergen-1865.Fl,1
B P-[1873]a.Folded,1
L.I.-[184-?]a.Fl c.2,1
PAMP Norton-1,1
US-1968.Folded,1
1981.002,1
1985.100,1
ARC.185,1
ARC.252,1
E-US-1732-1799 (1931),1
1978.079,1
B P-[1899].Fl,1
Q-[18--?].Fl.O,1
PAMP DixonA-1,1
V1992.003,1
B P-[1887].Fl,1
B PP-1936.Fl,1
1974.161,1
V1986.021,1
PAMP ShermanJ-1,1
PAMP Everett-1,1
B A-1873.Fd,1
1985.025,1
1977.527,1
B A-1933.Fl,1
V1990.063,1
NYC-2005b.Fl,1
Q-1971.Fl.Folio,1
V1974.040,1
ARC.005,1
NYC-1998a.Fl,1
1977.127,1
PAMP Sumner-8,1
ARC.280,1
PAMP ParsonsT-1,1
1978.178,1
1978.017,1
PAMP Barnes-1,1
ARC.283,1
PAMP PorterES-1,1
B A-1859 (19--?)a.Fl,1
NYC-2008.Fl,1
2005.037,1
PAMP Flanders-1,1
PAMP Sumter-1,1
1995.007,1
ARC.154,1
PAMP PerryJJ-1,1
B A-1971c.Fl,1
1977.072,1
1992.002,1
1989.006,1
PAMP KennedyA-1,1
1985.095,1
PAMP TN-1,1
PAMP Mass-1,1
N.J. [1838].Fl,1
NYC-1855 (1974).Fl,1
Nautical Chart-12335.Fl.Folio,1
NYS-1779 (1968).Fl,1
B A-[197-?].Fl,1
L.I.-1905a.Fl,1
V1974.005,1
NYC-[186-?].Fl,1
PAMP Busteed-1,1
ARC.132,1
PAMP Helps-1,1
1973.282,1
B PP-1861.Fl c.2,1
NYS-1893.Fl,1
Bergen-1876c.Fl,1
NYC-[19-?]a.Fl,1
PAMP Sumner-25,1
1977.163,1
1974.152,1
1985.087,1
PAMP NYDVA-1,1
2012.007,1
Bergen-1889c.Fl,1
B P-1877.Fl.Folio,1
PAMP Browning-1,1
B A-1877.Fl.RA,1
PAMP Offley-1,1
1978.191,1
PAMP Crawford-1,1
V1986.001,1
L.I.-1973.Fl,1
Bergen-[189-?]e.Fl,1
1974.141,1
1978.059,1
PAMP Sumner-30,1
1974.175,1
PAMP ThayerWM-1,1
Lefferts BS190.A1 1861,1
1977.273,1
1987.004,1
ARC.160,1
Lefferts BS534.L25,1
PAMP Sumner-18,1
Q-1928.Fl,1
Pierrepont-[18--?]d.Fl,1
PAMP CareyM-1,1
PAMP Soule-1,1
1985.009,1
B P-1901(1918).Fl.Folio,1
B A-2001.Fl,1
US-1801.A,1
ARC.071,1
PAMP ClayCC-1,1
PAMP Sumner-12,1
1974.063,1
Bergen-1854.Fl,1
M-1808.Fl,1
"USGS-1:62,500 (Oyster Bay).Fl",1
ARC.294,1
1974.053,1
E449.S813 2004,1
NYC-1958.Fl,1
NJ-17th-19th century(1957).Fl,1
B P-1894a.Fl,1
"D.P.W.-1:24,000 (Sea Cliff Quad).R",1
B A-[19--?]j,1
1973.301,1
ARC.061,1
1977.361,1
1977.563,1
1988.059,1
L.I.-1900.Fl,1
N.E.-1778 (1969).Fl,1
B A-1890a.Fl,1
PAMP Great-1,1
PAMP NLMA-1,1
Bergen-1877.Fl,1
PAMP CoxSH-1,1
ARC.224,1
2016.014,1
L.I.-1675 (1949).Fl,1
NYC-[1974].Fl,1
PAMP Nott-1,1
PAMP Morris-1,1
1977.404,1
PAMP Kelley-1,1
2002.009,1
PAMP Birney-1,1
ARC.066,1
B A-[1873].Fl,1
CBBG HQ777.9 .N37 1995,1
B P-[189-?].Fl,1
NYS-1856a.Fl,1
B A-1869c.Fl,1
B C-[1976].Fl,1
M-1775.Fl.RA,1
PAMP Appeal-1,1
PAMP Goodell-1,1
PAMP Bowditch-1,1
(70) M-1955.A,1
Q-[18--?]a.Fl.O,1
PAMP StantonRL-1,1
L.I.-[1873]t.Fl,1
IPOF BR563.N4 W49 1993,1
PAMP Gannett-1,1
NYC-2012.Flx,1
Bergen-[185-?]l.Fl,1
V1974.010,1
U.S.C.S.-367.Fl,1
BR-1920.Fl,1
B A-1871.Fl,1
ARC.054,1
ARC.077,1
1979.006,1
PAMP CSA-2,1
IPOF E449.A6237,1
B P-[17--?] (18--?)a.Fl,1
M-1728 (18--?).Fl,1
1978.032,1
Rev. War-[1776] (1975).Fl,1
1991.027,1
PAMP ChaseSP-1,1
PAMP ThayerMR-1,1
ARC.082,1
PAMP Bunsen-1,1
ARC.072,1
"USGS-1:24,000 (Coney Island).Fl",1
ARC.128,1
B A-1869 (19--?).Fl,1
1977.662,1
B C-2002.Fl.O,1
1973.194,1
PAMP CCMM-1 c.2,1
NYS-1829(1847).Fl,1
1986.014,1
PAMP Hatfield-1,1
V1981.287,1
PAMP HamiltonAJ-1,1
Bergen-1853a.Fl,1
B P-1870 (1943)a.Fl,1
B P-1870c.Fl,1
B P-[184-?]c.Fl,1
1977.107,1
2016.019,1
B A-1950.Fl,1
ARC.073,1
PAMP LelandCG-1,1
NYC-[1862?].Fl.F,1
B A-1971q.Fl,1
N.J. 1878.A.RA,1
B P-[1870]a.Fl c.2,1
IPOF E444.S57,1
Bergen-1853-1854.Fl,1
1977.574,1
Lefferts PS2025.L15,1
B P-[1842]a.Fl,1
B A-[1889].Folded,1
ARC.035,1
ARC.015,1
NYC-1845.Fl,1
ARC.058,1
1994.002,1
PAMP ParkerT-5,1
ARC.046,1
1977.275,1
PAMP LordJC-1,1
Rev. War-1776 (1964).Fl,1
1977.389,1
B P-[1836?]a.Fl,1
"D.P.W.-1:24,000 (Port Jefferson Quad).R",1
PAMP SpragueW-1,1
Q-[1873]j.Fl,1
PAMP Sumner-26,1
PAMP CAS-1,1
1973.163,1
1985.036,1
1978.143,1
E-US-1911.Fl,1
L.I.-1861.Fl,1
1973.190,1
PAMP StorrsRS-1,1
1977.358,1
NYS-1846.Folded,1
IPOF E457.2.L816 2009,1
ARC.173,1
IPOF F548.9.N4 B55 2005,1
2009.002,1
M-2010.Fl,1
1990.012,1
M-1664 (1859?).Fl c.3,1
"USGS-1:24,000 (Brooklyn)1967.Fl",1
PAMP President-1,1
"D.P.W.-1:24,000 (Freeport Quad).R",1
L.I.-1905a.Fd.RA,1
1974.117,1
B P-1895a.Fl,1
Rev. War-1776 (1865).Fl,1
Bergen-1859a.Fl,1
Bergen-[1892?]e.Fl,1
B P-[1850]b.Fl,1
1974.244,1
"D.P.W.-1:24,000 (Huntington Quad).R",1
B A-1971m.Fl,1
B A-1965.Fl,1
V1990.066,1
1973.298,1
L.I.-1957.Fl,1
PAMP Hoit-1,1
CBBG HQ1031 .C485 2005,1
PAMP USSC-1,1
ARC.076,1
2000.045,1
1974.114,1
PAMP Goodloe-1,1
1973.095,1
1988.004,1
M-1852.Fl,1
1977.665,1
PAMP Populus-1,1
B P-[1854?].Fl,1
PAMP ClarkeCE-1,1
B C-1974.Fl,1
IPOF BR563.N4 T38 1994,1
1977.570,1
1978.043,1
Pierrepont-1859a.Fl,1
ARC.032,1
B A-[18--?].Fl,1
1977.168,1
Bergen-1876b.Fl,1
B P-[1835]a.A.RA c.3,1
1985.055,1
L.I.-1907.Fd,1
Bergen-[1839?].O,1
IPOF F128.9.N4 S55 2005,1
B P-1892b.Fl,1
B A-1971b.Fl,1
1973.107,1
Bergen-[18--?]gg.Fl,1
1974.115,1
ARC.042,1
1977.259,1
B A-1834 (19--?).Fl,1
ARC.251,1
Bergen-[18--?]p.Fl,1
PAMP StilesJC-1,1
PAMP ASCFPC-14,1
Q-[1835].Fl,1
NYC-1829b.Fl,1
Lefferts PS3527.I35 M346 1903,1
B P-[1851]c.Fl,1
(115) L.I.-1950.A,1
NYC-1939a.Fl,1
PAMP Border-1,1
NYC-2009b.Fl,1
NYC-1995a.Fl.Folio,1
PAMP HowHK-1,1
1977.575,1
PAMP SpearST-8,1
1977.282,1
World-1874.A.RA,1
(80) L.I.-1914.A,1
ARC.196,1
B P-[1849]e.Fl,1
Bergen-[1892?].Fl,1
PAMP MillerJW-1,1
V1991.051,1
1992.026,1
NYC-2000.Fl,1
PAMP Benton-1,1
B R-2011.Fl,1
PAMP Campbell-1,1
PAMP Brewer-1,1
B A-[1914?].Fl,1
PAMP Sinclair-1,1
2013.022,1
PAMP Letter-2,1
V1988.012,1
L.I.-[186-?].Fl,1
1992.023,1
PAMP Higginson-1,1
1973.294,1
NYS-1841.Fl,1
ARC.084,1
ARC.088,1
Q-1923.Fl.O,1
1979.023,1
PAMP JonesGW-1,1
NYC-1859.Fl,1
PAMP Fairbanks-1,1
PAMP CITK-1,1
1978.171,1
PAMP Capen-1,1
L.I.-1950.Fl,1
N.J. [1890].Fl,1
NYC-[1842?].Fl,1
Q-1907.Fl.Folio,1
Pierrepont-[18--?]g.Fl,1
Pierrepont-[18--?]b.Fl,1
PAMP MortonOP-1,1
V1981.010,1
PAMP Dwight-1,1
1977.018,1
B P-[1896].Fl.Folio,1
NYC-[1838?].Fl,1
Bergen-[18--?]q.Fl,1
PAMP Boyle-1,1
1994.010,1
M-[1931?].Fl,1
NYC-1851a.Folded,1
PAMP Voices-1,1
1977.095,1
ARC.142,1
PAMP ClayH-2,1
B A-1766-1767 (185-?).Fl,1
PAMP Fish-2,1
ARC.011,1
PAMP Kemble-1,1
1991.009,1
PAMP Colton-1,1
NYS-1806(1848).Fl,1
PAMP Brown-2,1
B C-1891.Fl,1
NYC-[185-?].Fl,1
PAMP SullivanLB-1,1
(106) US-1760-1790 (1976).A,1
1985.111,1
1973.309,1
1977.571,1
B A-[1886?].Fl,1
PAMP ThomsonJR-1,1
V1990.052,1
PAMP PughGE-1,1
Bergen-1890f.Fl,1
1973.129,1
IPOF E449.T18 W9,1
2013.002,1
1985.074,1
PAMP Bartley-1,1
M-1842.Folded.RA,1
1978.013,1
1990.002,1
V1988.054,1
(90) L.I.-1925.A.F v.3-4,1
Bergen-1867.Fl,1
(64a) B P-[1853]a.Fl,1
Q-1910.Fl,1
B P-1886.Fl.O,1
Bergen-[188-?].Fl,1
V1974.035,1
"D.P.W.-1:24,000 (Northport Quad).R",1
"DOT-1:9,600 (Bayville-south).Fl.Folio",1
NYC-1776 (18--?).Fl,1
1973.217,1
PAMP CDAS-2,1
1974.119,1
B A-[1904?].Fl,1
L.I.-1961.Fl,1
NYS-[19--?].Fd,1
1985.102,1
PAMP Carruthers-1,1
Bergen-1873a.Fl,1
2015.011,1
PAMP Spencer-1,1
PAMP SpearST-3,1
ARC.010,1
V1990.040,1
1977.429,1
PAMP ThompsonJP-2,1
1977.559,1
1977.019,1
1977.363,1
ARC.153,1
1991.041,1
1973.167,1
ARC.100,1
1977.485,1
PAMP Schurz-1,1
NYS-1836.Folded,1
V1982.001,1
(109) Rev. War-1775-1783 (1972).A c.2,1
1978.036,1
B R-2010.Fl,1
L.I.-[1794?].Fl.RA,1
B A-[2009?]a.Fl c.2,1
PAMP CSA-4,1
PAMP BRFAL-6,1
Lefferts PR4699.F1756 A45,1
1977.503,1
1987.050,1
B C-1887.Fl,1
1977.622,1
PAMP AASS-3,1
(78) NYC-1939 (1936).A,1
1985.017,1
PAMP BrownWW-1 c.2,1
B A-1988.Fl,1
1977.610,1
Bergen-1877b.Fl,1
1977.314,1
B PP-1972.Fl,1
V1991.115,1
1977.672,1
1977.071,1
Q-[1873]a.Fl,1
L.I.-1854.Fl,1
B A-1893.A,1
1977.366,1
2009.011,1
PAMP ThomasBF-2,1
L.I.-1894.Fl,1
B P-[1836?].Fl,1
NYS-1929.Fl,1
PAMP DeanHC-1,1
M-1683 (18--?).Fl,1
1977.627,1
PAMP WheelerJ-1,1
1985.099,1
"D.P.W.-1:24,000 (Gardiners Island West Quad).R",1
PAMP QuincyJ-2,1
ARC.037,1
1977.155,1
PAMP Comment-1,1
1991.033,1
NYC-[1907?].Fl,1
PAMP ChaseSP-3,1
B P-1988.FL.Folio,1
PAMP Cutler-1,1
Lefferts PR9199.2.P37 J83 1913,1
1977.005,1
E-US-1776a.Fl.RA,1
2008.007,1
PAMP Goodrich-1,1
PAMP CDAS-3,1
PAMP ARINLCG-1,1
PAMP AmCS-9,1
PAMP Clopper-1,1
NYS-1656 (18--?).Fl,1
L.I.-1852.Folded,1
M-1660 (1933).Fl c.2,1
PAMP Cousin-1,1
2008.005,1
PAMP Maynard-1,1
NYC-2006.Fl,1
ARC.278,1
B A-[185-?]a.Fl,1
(68) B P-[1851?].A,1
NYC-[1812].Fl,1
B P-[1894?].Fl,1
PAMP StephensAH-6,1
PAMP Krebs-1,1
1981.010,1
1977.158,1
(87) L.I.-1931.A,1
NYC-[1925?].Fl,1
2008.042,1
2015.036,1
Pierrepont-1825.Fl,1
PAMP HallN-2,1
V1989.015,1
V1992.016,1
PAMP MooreGH-1,1
PAMP AmCS-16,1
PAMP Hodge-1,1
ARC.108,1
ARC.059,1
L.I.-[1858].Fl,1
Pierrepont-[18--?]f.Fl,1
L.I.-[189-?].Fl,1
Bergen-1876d.Fl,1
Bergen-1876-1881.Fl,1
1977.535,1
NYC-2004a.Fl,1
Bergen-[185-?]h.Fl,1
1977.581,1
PAMP Laboulaye-2,1
B A-1864.Fl c.2,1
Bergen-1893.Fl,1
1978.050,1
(110) World-1969.A,1
1977.664,1
1978.025,1
B P-[1844].Fl,1
IPOF E441.H73 2006,1
1977.394,1
B P-[187-?]b.Fl,1
2000.007,1
L.I.-1600-1850 (1974).Fl,1
B A-1834.Fl,1
1977.243,1
1977.359,1
Bergen-1889d.Fl,1
B PP-1861a.Fl,1
US-1818.Fd,1
B A-1879a.Fl c.2,1
PAMP Soule-2,1
B A-[2002?].Fl c.2,1
B P-[1869]g.Fl,1
B A-1827a.Fl,1
PAMP HallN-1,1
NYC-[1920?]a.Fl,1
B A-1898.Fl,1
NYS-[1830].Folded,1
Bergen-[185-?]a.Fl,1
B A-1868b.Fl,1
NYC-2011a.Fl,1
2008.021,1
IPOF E468.9.B57 2002,1
PAMP American-4,1
2017.007,1
B C-1885a.Fl,1
1977.438,1
2015.019,1
V1988.052,1
B A-1962d.Fl,1
PAMP Jarvis-1,1
PAMP PattonW-1,1
ARC.067,1
1980.030,1
1977.430,1
1977.150,1
B P-[1849?].Fl,1
1985.041,1
B A-[2002?]a.Fl,1
V1986.035,1
B A-1827.Fl,1
B A-1861a.Fl,1
B P-[187-?].Fl,1
L.I.-[18--?].Fl,1
ARC.134,1
U.S.C.S.-1851 (1976).Fl,1
PAMP Glover-1,1
B A-1889.Fl,1
PAMP Gardiner-1,1
2005.031,1
B P-[184-?]c.Fl c.3,1
PAMP Coker-1,1
PAMP Akers-1,1
B P-[183-?].Fl.Folio,1
PAMP Boston-2,1
V1974.044,1
B P-1911a.R,1
PAMP GarrisonWL-1,1
PAMP McKaye-1,1
ARC.256,1
PAMP RMCS-1,1
L.I.-[1918?].Fl,1
B P-1886.Fl,1
PAMP Atkins-1,1
L.I.-1878.Fd.RA,1
Q-1854.Fl,1
B PP-[186-?]a.Fl,1
PAMP RossFA-1,1
ARC.230,1
ARC.051,1
PAMP PerkinsGW-1,1
1978.061,1
"D.P.W.-1:24,000 (Mattituck Hills Quad).R",1
B P-1870 (1944).Fl,1
PAMP Grew-1,1
1974.241,1
L.I.-1884b.Fl,1
PAMP DodgeAC-1,1
V1987.001,1
1977.392,1
B P-1808.Fl.Folio,1
B A-[1853].Fl,1
2007.029,1
1974.137,1
1981.015,1
ARC.118,1
1977.586,1
PAMP DePeyster-1,1
B A-[19--?].Fl.Folio,1
1978.070,1
(107) World-1947.A,1
PAMP WilliamsP-1,1
1977.644,1
1990.005,1
Bergen-[18--?]h.Fl,1
PAMP Right-1,1
NYC-[1873].Fl,1
B C-1921.Fl,1
B P-1859.Fl,1
1977.249,1
B A-[1911?]b.Fl,1
Bergen-[1865-1881].Fl,1
ARC.247,1
B P-[1847]b.F c.2,1
PAMP Frothingham-1,1
Q-[1873]f.Fl,1
Q-1921a.Fl,1
IPOF F198.W44 P75 2010,1
ARC.089,1
M-1660 (1963).Fl,1
B A-[1909].Fl,1
1977.640,1
1985.065,1
Q-1914.Fl,1
B P-1835a.Fl,1
PAMP StephenJ-1,1
2006.015,1
PAMP Ellison-1,1
PAMP Hamlin-1,1
V1989.003,1
B C-1950.Fl,1
PAMP Haygood-1,1
B P-1870 (1943).Fl,1
B P-1848c.Fl,1
N. Amer.-1700s (1974).Fl,1
B P-1922.Fl,1
CBBG KF511 .K46 2004,1
NYC-1848a.Folded,1
Rev. War-[1776] (18--?).Fl c.2,1
PAMP ARINLCG-3,1
1977.124,1
B P-[1896].Fl,1
1977.269,1
1986.054,1
Bergen-1867-1891.Fl,1
PAMP BRFAL-2,1
B P-[1834]b.Fl,1
1973.184,1
Bergen-[18--?]w.Fl,1
L.I.-1905b.Fl,1
L.I.-[18--?]g.Fl,1
L.I.-1906.A.RA,1
PAMP MAS-5,1
L.I.-[1873]h.Fl,1
PAMP Channing-2,1
1992.007,1
PAMP EllisCM-1,1
PAMP BRFAL-5,1
PAMP Drake-3,1
2015.033,1
B P-1852a.Fl.Folio,1
B A-1895.Fl,1
V1974.025,1
PAMP Thome-1,1
NYS-1915.Fl,1
1973.179,1
1986.019,1
PAMP GACCM-1,1
B C-1964.Fl,1
B P-[1886?].Fl,1
1978.128,1
PAMP Schurz-2,1
"USGS-1:62,500 (Hempstead).Fl",1
NYS-[1814].Fl,1
1973.100,1
Bergen-[18--?]aa.Fl,1
Pierrepont-[18--?].Fl,1
Bergen-1870a.Fl,1
1986.020,1
ARC.296,1
B A-2003.Fl,1
B A-[2009?]a.Fl,1
B A-1797.Fl.RA,1
1979.005,1
B P-[1864]b.Fl,1
1985.090,1
PAMP BrooksE-2,1
B A-1854a.Fl,1
ARC.200,1
PAMP Cheever-2,1
PAMP American-2,1
Luquer-1889.Fl,1
2015.003,1
PAMP SewardWH-7,1
B P-[1855].Fl,1
Bergen-1861.Fl,1
1990.022,1
1977.325,1
PAMP SmithT-1,1
2014.024,1
V1990.021,1
PAMP May-1,1
V1986.017,1
PAMP Branch-1,1
B P-1894b.Fl,1
(92) NYS-1867.A,1
NYC-1852.Folded,1
Bergen-[189-?]g.Fl,1
B A-1879d.Fl,1
B A-1861.Fl,1
PAMP Hicks-1,1
PAMP AmCS-4,1
NYC-1963.Fl.O,1
ARC.281,1
PAMP Bingham-1,1
2011.024,1
1981.001,1
"D.P.W.-1:24,000 (Pattersquash Island Quad).R",1
ARC.259,1
1977.015,1
V1989.014,1
W. Hemis.-[1825].Fl,1
1977.382,1
1977.592,1
B P-[1853]a.Fl.Folio,1
(64e) N. Amer.-1940-1959.A,1
B C-1986.Fl.Folio,1
ARC.036,1
1985.018,1
B A-[1998?].Fl,1
PAMP Memorial-1,1
L.I.-1882.Fl.O,1
B P-1889.Fl,1
PAMP SAS-3,1
1994.006,1
PAMP ASCFPC-12,1
1985.060,1
1990.025,1
M-1826.Fl,1
CBBG HQ536 .R658 2009,1
NYS-1947.Fl,1
NYC-1933.Fl.O,1
B P-1877a.Fl.Folio,1
1977.642,1
PAMP Bristed-2,1
NYC-1639 (19--?).Fl,1
B P-1870 (1943)a.Fl c.2,1
G1254.N4,1
V1991.008,1
B P-[17--?] (1864).Fl c.3,1
2013.004,1
E-US-[1684].Fl.RA,1
Bergen-[1862].Fl,1
1980.012,1
1986.041,1
NYS-1767 (18--?).Fl,1
PAMP Constitution-1,1
2011.002,1
1978.123,1
PAMP Bullock-1,1
Bergen-[1889?]b.Fl,1
1973.302,1
1985.059,1
1973.090,1
B P-[1863]e.Fl,1
PAMP Freedmen-1,1
PAMP HopkinsJH-1,1
PAMP Nordhoff-3,1
2001.040,1
PAMP JayW-1,1
PAMP ATS-1,1
PAMP Holt-1,1
PAMP DEC-1,1
1981.008,1
ARC.225,1
1985.054,1
B A-[1937?].Fl,1
PAMP HodgeC-2,1
PAMP HowardOO-1,1
PAMP Upshur-1,1
Nautical chart-12363.Fl.Folio,1
1991.016,1
N. Amer.-1632 (1850).Fl,1
ARC.169,1
B A-[189-?]b.Fl,1
ARC.302,1
1974.102,1
1978.060,1
M-1846.Fl,1
(83) Q-1913-1919.A v.1,1
V1997.090,1
PAMP Black-1,1
PAMP CampbellLD-2,1
V1986.242,1
B P-1825.Fl.Folio,1
ARC.183,1
Bergen-[18--?]hh.Fl,1
PAMP Charleston-1,1
PAMP BluntJ-1,1
(113) Civ. War-1891-1895.A,1
PAMP StilesJC-2,1
(75.5) NYC-1945a.A,1
PAMP Benjamin-3,1
1978.089,1
NYC-1766-1767 (1854). Fl c.2,1
1978.184,1
1977.582,1
Lefferts G480.S55 1847,1
2007.056,1
B P-[18--?].Fl.O,1
1978.037,1
Q-[1873]l.Fl,1
1985.108,1
IPOF E185.86.G644 1999,1
1978.094,1
1978.027,1
1977.104,1
B A-[1902].Fl,1
NYC-1916.Fl.Folio,1
PAMP MooreGH-3,1
Bergen-[1886].Fl,1
1978.033,1
1977.245,1
"D.P.W.-1:24,000 (Shinnecock Inlet Quad).R",1
1977.669,1
"D.P.W.-1:24,000 (Plum Island Quad).R",1
M-1833.Fl,1
PAMP Bolles-1,1
1979.001,1
B A-1896.Fl,1
PAMP Northup-1,1
Bergen-[185-?]i.Fl,1
1977.232,1
B A-1868a.Fl,1
PAMP Constitution-2,1
NYC-1978.Fl.O,1
Rev. War-[1776?]b.Fl.RA,1
1974.237,1
1987.007,1
1978.187,1
N. Amer.-1700s (1975).Fl,1
2010.020,1
PAMP CIFPC-1,1
L.I.-[184-?]a.Fl,1
Luquer-1848 (19--?).Fl,1
B P-[1846].Fl,1
NYC-2008a.Fl,1
PAMP Calhoun-1,1
1978.086,1
L.I.-[1873]d.Fl,1
PAMP Lovejoy-2,1
1977.595,1
Q-1841.Fl,1
B PP-1909.Fl,1
B P-1848b.Fl,1
PAMP JayJ-1,1
1986.015,1
B A-[195-?]d.Fl c.2,1
B P-[1897?]e.Fl,1
V1991.073,1
Bergen-1852b.Fl,1
1973.215,1
PAMP GreenFH-2,1
1986.052,1
PAMP Doolittle-1,1
Bergen-[18--?]z.Fl,1
B C-1986a.Fl.O,1
B A-1835.Fl,1
1994.016,1
1991.014,1
1978.151,1
"D.P.W.-1:24,000 (Quogue Quad).R",1
ARC.024,1
PAMP Sumner-17,1
PAMP DPNY-3,1
B P-[1845].Fl,1
PAMP Atkinson-1,1
(107.5)a N. Amer.-1717(1942).A,1
1991.034,1
2009.004,1
NYS-1968.Fl,1
PAMP Brooke-1,1
PAMP Child-3 1836,1
1978.136,1
1977.486,1
NYS-[1848].Fl,1
1973.137,1
B C-1903.Fl.Folio,1
2000.006,1
U.S.C.S.-366(1879).Fl,1
B A-1834a.Fl,1
B A-1914.Fd.RA,1
L.I.-[1869].Fl,1
1991.008,1
ARC.106,1
B P-[1852]b.Fl,1
1977.548,1
PAMP DexterHM-1,1
1977.116,1
ARC.279,1
1977.447,1
NYS-2004.Fl,1
PAMP SpragueH-1,1
V1991.118,1
1977.345,1
V1974.030,1
NYC-1959(2000?).Fl,1
B P-[18--?]i.Fl,1
Q-[1853?].Fl,1
V1980.001,1
ARC.260,1
1974.022,1
L.I.-[1873]j.Fl,1
IPOF E184.G3 H64 2011,1
PAMP Drake-8,1
NYC-1779 (1968).Fl,1
PAMP ChaseH-1,1
S.I.-1874.A.RA,1
V1986.057,1
1977.120,1
PAMP ParkerJ-1,1
ARC.027,1
NYC-1937.A,1
CBBG HQ1031 .I8 2000,1
PAMP Slavery-2,1
PAMP StearnsWA-2,1
PAMP ARINLCG-2,1
Bergen-1866a.Fl,1
1979.011,1
ARC.115,1
Bergen-1868b.Fl,1
1986.013,1
1974.239,1
B P-1866.Fl,1
Bergen-[18--?]b.Fl,1
V1991.076,1
ARC.085,1
B A-[1940?].Fl c.2,1
PAMP RaymondHJ-4,1
ARC.214,1
1973.165,1
Bergen-1850.Fl,1
PAMP Appleton-2,1
1989.005,1
1973.170,1
PAMP OSCASC-1,1
B A-1893.Fl,1
PAMP AFUC-1,1
B P-[1833]b.Fl,1
1977.583,1
B P-1892a.Fl,1
PAMP Boston-1,1
PAMP ParkerJ-2,1
1994.019,1
1977.013,1
PAMP Cheever-1,1
ARC.060,1
1987.017,1
B P-[1849]c.Fl,1
Bergen-[18--?]o.Fl,1
B A-[1915?].Fl,1
PAMP FranklinJR-1,1
B C-1986d.Fl.O,1
NYC-2011b.Fl,1
NYC-[185-?]a.Fl,1
B A-1859c.Fl,1
1978.042,1
E-US-[1783?].Fl.RA,1
1987.008,1
1990.008,1
PAMP Motley-3,1
PAMP Ewbank-1,1
PAMP AmCS-2,1
Bergen-1877e.Fl,1
B A-1971.Fl.Folio,1
PAMP Lothian-1,1
ARC.189,1
1974.198,1
Bergen-1852.Fl,1
B PP-1871.Fl,1
PAMP AFAS-5,1
PAMP Opinion-1,1
PAMP CITK-2,1
1977.205,1
CT-1886.Fd.RA,1
PAMP SAS-2,1
Bergen-[1849?].Fl,1
1977.241,1
NYC-1978a.Fl,1
ARC.152,1
PAMP PotterE-1,1
V1987.012,1
NYS-1801 (1847).Fl,1
B P-1806.Fl,1
B P-[1851].Fl,1
NYS-1830.Folded,1
B P-[1869]a.Fl,1
1977.474,1
2000.003,1
PAMP ASCFPC-8,1
1995.004,1
Nautical chart-12354.Fl.Folio,1
B P-[1870]a.Fl c.4,1
1992.005,1
PAMP Bickell-1,1
PAMP Burlingame-1,1
1977.426,1
2000.008,1
PAMP StephensAH-5,1
PAMP Crowell-1,1
Lefferts PS3523.I46 C35 1911,1
V1974.014,1
PAMP Ashley-2,1
PAMP ConwayMD-2,1
B P-[1851]b.Fl,1
PAMP BrooksP-1,1
1977.637,1
PAMP Bailey-1,1
PAMP Drake-2,1
PAMP Meade-1,1
ARC.229,1
ARC.080,1
1986.023,1
PAMP ParkerT-4,1
PAMP HodgeC-1,1
PAMP Duffield-3,1
B A-[2009?].Fl,1
1977.043,1
PAMP Holcombe-2,1
PAMP WhiteS-1,1
B A-1869d.Fl,1
Bergen-1866.Fl,1
1977.646,1
PAMP Giddings-2,1
1973.272,1
B A-1971d.Fl,1
PAMP Carolinian-1,1
1992.033,1
Rev. War-1776 (18--?)a.Fl,1
PAMP Barclay-1,1
PAMP Child-3,1
PAMP Juge-1,1
NYS-1905.Fl,1
L.I.-[18--?]c.Fl,1
World-1839.A.RA,1
"USGS-1:62,500 (Greenwood Lake).Fl",1
1977.572,1
NYC-1665 (18--?).Fl,1
PAMP Clarkson-1,1
1978.064,1
M-[16--?] (18--?).Fl,1
NYS-[1882?].Fl,1
PAMP Sumner-19,1
1990.006,1
1973.110,1
PAMP ClayH-3,1
PAMP Sunderland-1,1
1977.425,1
PAMP FullerS-1,1
V1984.001,1
1977.290,1
PAMP WilliamsTS-1,1
B P-[1862]a.Fl,1
PAMP McLane-1,1
Q-1852.Fl,1
NYC-1996.Fl,1
PAMP ACPASICAR-1,1
Q-[1873]g.Fl,1
1977.182,1
L.I.-1923.Fd.RA,1
1985.001,1
V1991.085,1
1976.001,1
Luquer-1846.Fl,1
B P-[1838]a.Fl,1
V1989.033,1
B P-[1889?].Fl,1
IPOF LC212.2.E94 2008,1
1977.476,1
PAMP StuartC-1,1
1977.428,1
V1974.038,1
1977.540,1
L.I.-1891.Fl.RA,1
B P-[1854]a.Fl,1
L.I.-[19--?].Fl,1
1977.103,1
Q-[1873]e.Fl,1
NYC-1836.Fl,1
Rev. War-1793 (19--?).Fl c.2,1
B A-1869.A.RA,1
B C-1943.Fl,1
PAMP WalkerR-1,1
ARC.079,1
ARC.253,1
PAMP Motley-1,1
L.I.-1939a.Fl.Folio,1
NYC-1860.Fd.Folio,1
PAMP CCMM-1,1
NYC-1778.Fl.RA,1
B A-1971n.Fl,1
Bergen-1892.Fl,1
1977.170,1
Bergen-1889e.Fl,1
(18)1880,1
PAMP National-1,1
B A-1984.Fl,1
PAMP Baldwin-1,1
1977.427,1
L.I.-[1873].Fl,1
V1986.027,1
1977.384,1
E-US-[16--?] (1986).Fl,1
NYC-[18--?] (1856?).Fl,1
PAMP Issue-1,1
PAMP Fordham-1,1
PAMP Drake-1,1
PAMP Hayden-1,1
PAMP SpearST-1,1
PAMP PickettCE-1,1
1977.118,1
B P-[1839].Fl.Folio,1
B A-[19--?]k.Fl,1
PAMP Calhoun-2,1
PAMP Nebraska-2,1
Bergen-1750 (18--?).Fl,1
PAMP AdamsJQ-1,1
1978.095,1
1991.017,1
CBBG HQ800.2 .M85 2011,1
Q-[18--?]c.Fl,1
PAMP SCC-1,1
N. Amer.-1793.Fl.RA,1
1985.029,1
1973.222,1
Rev. War-[177-?] (18--?).Fl,1
B P-1916-1926.Fd.RA,1
B PP-2009.Fl,1
PAMP ASPNU-1,1
1973.276,1
V1986.028,1
PAMP NCASC-1,1
2007.016,1
PAMP CDAS-1,1
PAMP Cooley-1,1
B P-1867.Fl,1
"DOT-1:9,600 (Mamaroneck-south).Fl.Folio",1
1977.493,1
1978.156,1
ARC.114,1
2007.002,1
PAMP AmCS-15,1
Bergen-1859.Fl.O,1
V1986.005,1
B P-[1891].A,1
Bergen-1877a.Fl,1
PAMP Humphrey-1,1
ARC.244,1
PAMP SAS-1,1
B C-1985b.FL.F,1
ARC.305,1
PAMP MillerS-1,1
PAMP MorseIE-1,1
PAMP ASCFPC-7,1
PAMP Agamon-1,1
1981.006,1
1991.036,1
B P-[1864].Fl,1
1977.050,1
1973.262,1
1977.370,1
L.I.-1884.Fl c.2,1
1977.508,1
NYS-[1914].Fl,1
ARC.102,1
PAMP CFFEMS-1,1
Pierrepont-1840.Fl,1
B A-[19--?].Folded,1
PAMP StearnsEJ-1,1
Q-[1873]c.Fl,1
PAMP PughGE-2,1
(114) L.I.-1944.A.Folio,1
NYC-2006a.Fl,1
2014.014,1
PAMP Lovejoy-1,1
PAMP ECF-1,1
"USGS-1:24,000 (Narrows).Fl",1
B A-1839 (19--?).Fl.Folio,1
PAMP HopkinsM-1,1
PAMP Ganse-1,1
1978.083,1
B A-1884.Fl.RA,1
1986.011,1
B P-1899.Fl,1
B P-1923.Fl,1
1980.024,1
B A-[1897?].Fl,1
2008.020,1
1981.012,1
B P-[189-?].Fl.Folio,1
PAMP Boutwell-2,1
L.I.-1897.Fl.RA,1
PAMP ButlerBF-1,1
B C-1919.Fl,1
B P-[1844].Fl.O,1
PAMP American-5,1
L.I.-1870 (1960).Fl,1
PAMP DuffieldJr-1,1
M-1664 (1859?).Fl c.2,1
1973.270,1
1985.068,1
M-1778 (1853).Fl,1
B A-1926.Fl,1
1973.254,1
L.I.-1918.Fl,1
M-[1848?].Fl,1
L.I.-[18--?]i.Fl,1
PAMP SmithLM-1,1
1980.019,1
1973.203,1
PAMP Conkling-1,1
2016.016,1
1979.013,1
1973.131,1
S.I.-2010.Fl,1
Bergen-[18--?]a.Fl,1
1977.512,1
B P-[1897].Fl,1
Bergen-1892b.Fl,1
1973.255,1
L.I.-1987.Fl,1
Bergen-[1892?]c.Fl,1
V1998.022,1
1974.221,1
1977.233,1
B P-1863c.Fl,1
PAMP Jack-1,1
Q-[1873].Fl,1
ARC.048,1
Pierrepont-[18--?]e.Fl,1
2006.023,1
PAMP Pillsbury-1,1
2015.017,1
M-1730 (1909).Fl,1
ARC.174,1
PAMP Furness-2,1
1977.185,1
PAMP NC-1,1
PAMP Read-1,1
2004.002,1
NYS-1972.Fl,1
2016.022,1
NYC-1881.Fl,1
CBBG HT1523 .M59 2004,1
NYC-1848.Fl.RA c.2,1
B P-[189-?]b.R,1
B P-[1869]c.Fl,1
1980.017,1
IPOF E450.W727 B73 2007,1
ARC.207,1
PAMP Schurz-3,1
B A-1859.Fl,1
ARC.191,1
Bergen-1869c.Fl,1
B A-[1893?].Fl,1
PAMP Cline-1,1
CBBG E184.A1 R324 1992,1
PAMP DexterF-1,1
B P-1892.Fl.O,1
L.I.-[1873]e.Fl,1
Q-1874.Fl.F c.2,1
NYC-[1866].Fl,1
B A-1955.Fl,1
PAMP Congress26-1,1
PAMP WestonGM-1,1
NYC-1998.Fl,1
PAMP Important-1,1
L.I.-[1873]f.Fl,1
Bergen-[1887?]a.Fl,1
L.I.-1904.Fl,1
PAMP AllenG-1,1
ARC.116,1
B P-1869.Fl,1
PAMP ThompsonJP-5,1
B A-1962f.Fl,1
PAMP MorseSE-2,1
2004.024,1
PAMP OASC-1,1
B P-[1849]d.Fl,1
1979.022,1
NYC-[1939]a.Fl,1
1974.057,1
1991.049,1
M-[1964].Fl,1
ARC.161,1
PAMP PierceEL-3,1
Q-1874.Fl.F,1
NYC-[1855].Fl,1
Bergen-[185-?]c.Fl,1
B P-[1878]a.Fl,1
PAMP McShea-1,1
V1987.030,1
B A-[18--?].Fl.RA,1
PAMP Mallory-1,1
NYS-1951.Folded,1
2014.021,1
Q-[1874].Fl.Folio,1
2000.017,1
1991.024,1
ARC.245,1
ARC.274,1
ARC.017,1
1986.001,1
1988.005,1
PAMP JacksonJW-1,1
B A-[1873]a.Fl,1
"D.P.W.-1:24,000 (Sayville Quad).R",1
ARC.248,1
B A-1971b.Fl.Folio,1
PAMP PetersB-1,1
1980.005,1
PAMP Uncle-1,1
B A-1905.Fl,1
1977.310,1
"USGS-1:62,500 (Brooklyn).Fl",1
1977.119,1
B A-1869b.Fl,1
NYC-2012a.FL,1
PAMP Frossard-1,1
NYS-1797 (1847)a.Fl,1
Q-[1940].Fl.O,1
1994.004,1
1986.048,1
B A-1866.Fl,1
M-1656-1728 (18--?)a.Fl c.2,1
PAMP Franklin-1,1
NYS-1845.Fl,1
(79) L.I.-1873.A,1
ARC.022,1
PAMP MAS-4,1
PAMP Address-3,1
BR-[1940].Fl,1
2013.010,1
PAMP Abolition-1,1
PAMP ASCFPC-10,1
B A-[1841?].Fl,1
PAMP Montalembert-1,1
NYS-1913.Fd.RA,1
PAMP LincolnA-1,1
1977.554,1
L.I.-1941.A.Folio,1
U.S.C.S.-368.Fl,1
1977.299,1
1990.020,1
PAMP BFL-1,1
1973.232,1
IPOF E185.E125 2000,1
PAMP Lindo-1,1
V1987.020,1
B A-1894.Fl c.2,1
B PP-1990.Fl,1
Bergen-1894a.Fl,1
1977.097,1
PAMP StevensA-1,1
PAMP Humphreys-1,1
PAMP DixonJ-1,1
1977.616,1
CBBG HQ777.9 .H34 1998,1
"USGS-1:62,500 (Kaaterskill).Fl",1
B P-[1848]b.Fl,1
(94) NYS-1875.A,1
1974.200,1
PAMP Duryea-1,1
M-1775 (1968).Fl,1
B P-[1854]b.Fl,1
L.I.-1600-1924 (1936).Fl c.2,1
2008.031,1
Lefferts BX7117.B73 1808,1
1974.164,1
L.I.-[19--?]e.Fl,1
PAMP Bristed-3,1
NYC-1866.Fl,1
ARC.124,1
Bergen-[18--?]g.Fl,1
B A-1971f.Fl,1
PAMP Anti-3,1
1974.154,1
PAMP ClarkeLG-1,1
1992.024,1
PAMP MannH-2,1
PAMP BrownWW-1,1
PAMP Faithful-1,1
Mid. Atl.-1846.Folded,1
V1974.031,1
PAMP Lawrence-1,1
Rev. War-[1776?].Fl.RA,1
NYS-1804.Fl,1
PAMP RMCS-2,1
B P-[1849]a.Fl,1
PAMP McHenry-1,1
1977.130,1
P-1870 (1942).Fl,1
NYC-1897a.Fl,1
PAMP Redpath-1,1
PAMP PeabodyAP-1,1
L.I.-[188-?].Fl,1
L.I.-1971.Fl,1
Bergen-[18--?]d.Fl,1
1988.002,1
PAMP PhillipsW-1,1
NYC-1972.Fl,1
PAMP Clemens-1,1
1985.030,1
1977.372,1
ARC.121,1
1987.001,1
PAMP Bushnell-1,1
B A-1800.Fl,1
PAMP MannH-1,1
PAMP PhillipsW-3,1
B A-1854.Fl.Folio,1
L.I.-[1873]p.Fl,1
ARC.006,1
B P-1895.Fl,1
NYC-1907.Fl,1
B A-1845.Fl,1
1985.083,1
PAMP Laboulaye-1,1
Bergen-1892c.Fl,1
ARC.286,1
PAMP Biographical-1,1
Pierrepont-1820.Fl,1
PAMP Chaffee-1,1
World-1919.A,1
ARC.094,1
Civ. War-1865 (188-?).Fl,1
Bergen-[1892?]b.Fl,1
PAMP Tappan-1,1
Rev. War-1776 (1869).Fl,1
1977.189,1
PAMP GarrisonWL-2,1
ARC.250,1
NYC-[189-?].Fl,1
L.I.-1778 (1968).Fl,1
NYC-[18--?].Fl.RA,1
PAMP Bokee-1,1
N.E.-1836.Folded,1
1977.390,1
PAMP Fearful-1,1
ARC.021,1
B A-[1899].Fl,1
Q-2010b.Fl,1
Bergen-[1853]a.O,1
"D.P.W.-1:24,000 (Mattituck Quad).R",1
Bergen-1883.Fl,1
1977.229,1
(69) M-1881.A,1
B A-[2006?].Fl,1
Bergen-[1876].Fl,1
ARC.130,1
ARC.181,1
B A-1969a.Fl,1
B A-1874.Fd,1
ARC.284,1
L.I.-[19--?]f.Fl,1
1985.104,1
PAMP AdamsJC-1,1
Rev. War-1777 (1968).Fl,1
B P-[1839].Fl,1
NYC-[18-?]a.Fl,1
B P-[1849]b.Fl,1
B A-[2002?].Fl,1
Q-1864.Fl.O,1
NYS-[1829].Fl,1
B P-[1835].A.RA,1
1974.178,1
1977.049,1
2015.024,1
PAMP Bushnell-2,1
Rev. War-[1776?]c.Fl.RA,1
PAMP BrooksE-1,1
B A-1971j.Fl,1
1986.010,1
1977.593,1
V1987.041,1
PAMP Rankin-1,1
Bergen-[189-?].Fl,1
1977.012,1
NYC-2009.Fl,1
1978.119,1
NYC-[1954?].Fl,1
ARC.167,1
1973.154,1
NYS-1889.Fl.Folio,1
M-1880.A.RA,1
Bergen-[18--?]f.Fl,1
1977.632,1
V1990.054,1
L.I.-1600-1924 (1936).Fl,1
B P-[17--?] (18--?).Fl,1
NYS-[1990?].Fl.O,1
B A-1776-1777 (1876).Fl,1
PAMP DavisN-1,1
Luquer-1848.Fl,1
B PP-[1886?].Fl.Folio,1
1977.557,1
U.S.C.S.-360.Fl,1
PAMP ASCFPC-16,1
PAMP StewartC-1,1
M-1967.Fl,1
2005.014,1
Bergen-[18--?]k.Fl,1
1978.041,1
PAMP ASCFPC-9,1
PAMP Edwards-3,1
B A-1869.Fl,1
Mid Atl.-1846.Fl,1
IPOF E185.A97 2001,1
PAMP Cochin-1,1
PAMP Cairnes-2,1
Bergen-[1850?]a.Fl,1
B A-[18--?]d.Fl,1
1977.649,1
L.I.-[19--?]b.Fl,1
PAMP ThompsonJP-4,1
V1991.066,1
B P-1873(1946).Fl.Folio,1
B B-[2011].Fl,1
B C-[18--?].Fl,1
1977.481,1
Bergen-1857a.Fl,1
B A-1971g.Fl,1
B A-[18--?].Fl.O,1
Pamp Herkimer-1,1
L.I.-1897.A,1
L.I.-1979.Fl,1
PAMP SimmonsC-1,1
V1986.009,1
PAMP Carpenter-2,1
V1974.029,1
PAMP Everett-4,1
"D.P.W.-1:24,000 (Patchogue Quad).R",1
PAMP SC-2,1
B P-[1870]d.Fl,1
B C-[193-?].Fl,1
M-[186-?].Fl.RA,1
"D.P.W.-1:24,000 (Montauk Point Quad).R",1
NYS-1829.Fl,1
PAMP AFUC-2,1
B A-[1893?]a.Fl,1
Bergen-[1850?].Fl,1
PAMP Boston-3,1
ARC.065,1
B P-[184-?].Fl,1
1977.278,1
V1986.037,1
NYC-[185-?]b.Fl,1
ARC.239,1
V1990.020,1
V1991.109,1
1977.076,1
1978.007,1
2016.015,1
Bergen-1891a.Fl,1
PAMP MarshallH-1,1
1985.005,1
1977.405,1
PAMP BeecherHW-1,1
Q-[1873]n.Fl,1
PAMP Pim-1,1
B PP-[2007].Fl,1
PAMP Booth-1,1
B C-[1903].Fl.F,1
B A-[1873].Fl c.2,1
1995.011,1
PAMP Foss-1,1
PAMP Goodell-2,1
B A-1870.Folded.RA,1
NYC-1829a.Fl,1
US-1777.Fl.RA,1
"USGS-1:62,500 (Phoenicia).Fl",1
PAMP LewisWH-1,1
Q-1907.A.RA vol. 1,1
V1974.012,1
PAMP RiceR-1,1
PAMP Kirkland-2,1
PAMP Whipple-1,1
1990.011,1
1973.212,1
B A-1842 (19--?).Fl,1
B P-[1848]a.Fl,1
E-US-[1666].Fl,1
PAMP Andrews-1,1
1974.222,1
PAMP JacksonA-1,1
ARC.052,1
PAMP Cass-1,1
"D.P.W.-1:24,000 (Far Rockaway Quad).R",1
PAMP Fee-1,1
PAMP Bassett-1,1
1973.195,1
NYC-1829.Fl,1
1974.258b,1
B A-1850.Folded,1
1974.129,1
PAMP BRFAL-4,1
Bergen-[1892?]g.Fl,1
B A-1875b.Fl,1
1974.029,1
B PP-1865.Fl,1
1977.651,1
NYC-1939.Fl,1
PAMP Boutwell-1,1
1978.177,1
PAMP Nordhoff-1,1
PAMP Sumner-10,1
PAMP ReedWB-3,1
B P-[1863]d.Fl,1
1986.031,1
L.I.-1968.Fl.Folio,1
ARC.237,1
Bergen-[18--?]x.Fl,1
PAMP SewardWH-10,1
IPOF E185.97.H69 A33 1982,1
Bergen-1854b.Fl,1
B P-[1890].Fl.Folio,1
E-US-1848.Fl,1
B A-[1883?].Fl,1
PAMP Spooner-1,1
V1981.284,1
B C-2001.Fl,1
Bergen-1870.Fl,1
B A-1888.Fl,1
B A-1953.Fl,1
B C-1985d.Fl.O,1
PAMP AFIC-1,1
PAMP SergeantJ-1,1
B A-1842 (19--?).Fl c.2,1
PAMP Floy-1,1
1980.033,1
V1987.015,1
B P-1830a.Fl,1
1973.279,1
PAMP DavisGT-1,1
PAMP Brown-1,1
PAMP WhiteRG-1,1
"D.P.W.-1:24,000 (Brooklyn Quad).R",1
ARC.166,1
1978.110,1
PAMP GCASYMFAC-1,1
M-1967.Fl c.2,1
B A-1890.Fl,1
B PP-1869.Fl,1
B C-1925.Fl.F,1
B P-1870 (1943)b.Fl c.2,1
Bergen-[186-?]b.Fl,1
2009.012,1
L.I.-[19--?]a.Fl,1
2015.028,1
2005.021,1
1974.021,1
PAMP Bacon-3,1
Pierrepont-[1835?]a.Fl,1
ARC.092,1
PAMP Henderson-1,1
ARC.107,1
PAMP TappanMW-1,1
1978.014,1
B P-[1927?].Fl,1
PAMP Manzano-1,1
1974.007,1
"DOT-1:9,600 (Hicksville-north).Fl.Folio",1
B P-[188-?]a.Fl,1
2012.017,1
B A-1875a.Fl,1
1995.002,1
"D.P.W.-1:24,000 (Bay Shore West Quad).R",1
PAMP Confession-1,1
B A-1856a.Fl,1
L.I.-[1962?].Fl,1
NYC-1923.Fl,1
1977.134,1
Rev. War-1776 (1869).Fl c.2,1
PAMP ClevelandCF-1,1
PAMP Channing-5,1
ARC.016,1
1980.018,1
B A-1865.Folded.RA,1
B P-[1849].Fl,1
Bergen-1867a.Fl,1
M-1755 (1849).Fl,1
V1974.018,1
L.I.-1932.Fl,1
PAMP AmCS-11,1
1988.049,1
1977.515,1
PAMP SewardWH-9,1
1985.114,1
1978.135,1
PAMP FisherT-1,1
B P-1892.Fl,1
1985.119,1
ARC.109,1
B P-[1836].Fl.Folio,1
2009.014,1
ARC.210,1
CBBG PS3551.L35774 F57 2007,1
1978.035,1
V1980.003,1
1980.021,1
1977.496,1
Bergen-[1889?]a.Fl,1
1977.100,1
PAMP StearnsWA-3,1
PAMP America-1,1
ARC.147,1
PAMP Hammond-1,1
PAMP NYYMRSF-2,1
L.I.--17th-18th century(1889).Fl,1
"D.P.W.-1:24,000 (Lynbrook Quad).R",1
B P-1882.Fl,1
1977.602,1
Bergen-1855d.Fl,1
1981.007,1
PAMP Edwards-2,1
L.I.-[1787?] (184-?).Fl,1
B P-1837 (1874).Fl,1
1977.177,1
PAMP Allison-1,1
L.I.-[1891?].Fl.F,1
(97) US-[1838].A,1
B A-[1932?].Fl.Folio,1
1973.180,1
PAMP Anderson-1,1
ARC.228,1
NYS-1894.FL.Folio,1
PAMP SewardWH-1,1
V1989.022,1
Bergen-[185-?].Fl.O,1
M-[193-?].Fd,1
IPOF E449.R94 H63 2010,1
U.S.C.S.-119.Fl,1
NYS-1800 (1848).Fl,1
PAMP Sparks-1,1
PAMP DavisJ-1,1
PAMP AshmunJ-1,1
PAMP WestonGM-2,1
Q-[1873]m.Fl,1
N.E.-1685 (1974?).Fl,1
B P-1863.Fl.RA,1
M-[1873?] (19--?).Fl,1
PAMP ThomasBF-1,1
ARC.188,1
1973.260,1
PAMP MAS-3,1
1977.550,1
ARC.220,1
B P-[186-?]a.Fl,1
"D.P.W.-1:24,000 (Greenport Quad).R",1
1978.185,1
1977.482,1
B R-1996.Fl,1
PAMP Eliot-1,1
"D.P.W.-1:24,000 (Riverhead Quad).R",1
PAMP PikeJS-1,1
PAMP Benedict-1,1
PAMP PotterJ-1,1
CBBG E184.O6 S86 2001,1
PAMP Everett-2,1
PAMP Bristed-1,1
PAMP Kirkland-3,1
1977.521,1
V1974.026,1
CBBG E184.36.E84 G65 2006,1
NYS-1757 (19--?).Fl,1
V1986.019,1
PAMP MMLC-1,1
1978.001,1
B P-1873 (1958).Fl,1
Bergen-1886a.Fl,1
PAMP StearnsWA-1,1
ARC.139,1
Bergen-1787 (1861).Fl,1
PAMP LNL-1,1
PAMP Colfax-1,1
PAMP Ketchum-1,1
US-1898.A.RA,1
1973.256,1
ARC.101,1
V1984.1463,1
NYS-1952.Fl,1
B A-2001a.Fl,1
Q-[1873]b.Fl,1
PAMP Douglas-2,1
L.I.-[1873]q.Fl,1
PAMP GCCMDUS-1,1
PAMP Faulkner-1,1
ARC.007,1
1977.337,1
1987.006,1
PAMP BeecherE-1,1
1977.371,1
1977.002,1
(100) US-15th-19th Century (1926).A,1
Bergen-1868c.Fl,1
NYC-1919.Fl,1
B P-1873 (1958).Fl c.2,1
2005.020,1
CBBG E185.62 .C54 2009,1
B P-[189-?]g.Fl,1
1990.010,1
CBBG PN4874.W475 A3 2011,1
1977.175,1
2007.052,1
PAMP MooreGH-2,1
B P-1873 (1958).Fl c.4,1
PAMP AdamsN-1,1
US-1820.Fd,1
1977.473,1
PAMP PhillipsW-4,1
V1991.044,1
1974.203,1
PAMP Smectymnuus-1,1
Bergen-[18--?]y.Fl,1
2014.008,1
ARC.208,1
V1990.037,1
V1978.024,1
2007.039,1
PAMP SpragueP-1,1
L.I.-1948.Folded,1
B P-[1835].Fl.Folio c.2,1
B P-[1889].Fl c.2,1
B P-[186-?].Fl,1
1977.379,1
B A-1864.Fl.RA,1
B A-1994.Fl.Folio,1
NYC-[18--?] (1856).Fl,1
B C-[1919].Fl,1
NYC-1851b.Fd,1
Bergen-1868e.Fl,1
1977.600,1
PAMP SewardWH-2,1
PAMP AdamsN-2,1
"USGS-1:62,500 (Schunemunk)a.Fl",1
1986.058,1
Bergen-1884a.Fl,1
B A-1962b.Fl,1
E-US-1939.Fl,1
1977.064,1
2016.024,1
1977.407,1
Lefferts PS3250.E74 1874,1
1974.162,1
1977.636,1
"USGS-1:24,000 (Jersey City).Fl",1
1985.022,1
M-[183-?].Fd.Folio,1
M-1778 (1853).Fl c.2,1
B P-[1836]a.Fl.Folio,1
1977.063,1
NYC-[18--?]c.Fl,1
B P-1858.Fl,1
2012.004,1
PAMP Fulton-1,1
M-1853.Fl,1
1974.260,1
PAMP GarrisonWP-1,1
Rev. War-1783 (1909).Fl,1
2001.044,1
ARC.030,1
NYC-1855a.Fl,1
(85) L.I.-1915.A.F,1
Bergen-1890d.Fl,1
Rev. War-[1776] (18--?)d.Fl,1
ARC.222,1
"D.P.W.-1:24,000 (Jones Inlet Quad).R",1
PAMP Douglas-3,1
B P-[183-?]a.Fl,1
2004.023,1
B A-1873a.Fl,1
Pierrepont-1821.Fl,1
1977.378,1
B A-[189-?]f.Fl,1
Bergen-1889b.Fl,1
B P-1666 (18--?).Fl.Folio,1
CBBG PS3569.M465 F56 1997,1
B A-[1897?]a.Fl,1
B P-1844.Fl,1
Nautical charts-12353.Fl.Folio,1
NYC-1880.Fl,1
PAMP Fleming-1,1
N. Amer.-[172-?].Fl.RA,1
1980.014,1
M-[16--?] (1857).Fl,1
ARC.179,1
B P-[1887]a.Fl,1
(111) World-1936.A,1
M-[1833].Fl,1
ARC.025,1
ARC.040,1
1973.097,1
PAMP Republican-1,1
PAMP RobinsonWE-1,1
1977.308,1
PAMP ClarkeGJ-1,1
B P-[1833].Fl,1
PAMP StilesJC-3,1
B P-[1853].Fl c.2,1
L.I.-1947.Fl.Folio,1
1973.306,1
2000.016,1
B P-[1887?].Fl,1
NYC-1860b.Fl,1
PAMP Benton-3,1
B P-[1846-1849].Fl,1
M-[183-?].Folded,1
NYC-1857.Fl,1
PAMP Vaux-1,1
ARC.163,1
1985.052,1
B P-[1863].Fl,1
1973.251,1
PAMP Bellows-1,1
1973.311,1
B P-1842.Fl,1
ARC.111,1
1974.037,1
PAMP Bissell-1,1
PAMP Drake-7,1
B A-1879.Fl,1
1977.659,1
V1990.015,1
PAMP Laboulaye-3,1
(91) NYC-1881.A,1
IPOF E449.G67 1998,1
B P-[1846]b.Fl c.2,1
L.I.-[1889].Fl,1
ARC.050,1
2001.023,1
PAMP Child-5,1
B P-[1888?].Fl,1
PAMP Grimke-1,1
PAMP Remarks-2,1
B A-1962a.Fl,1
B P-[1862].Fl.Folio,1
Lefferts PT2603.R66 P83 1871,1
Bergen-[186-?]a.Fl,1
1985.027,1
B A-[196-?]b.Fl,1
PAMP Featherstonhaugh-1,1
NYC-1976.Fl.Folio,1
PAMP ThompsonJ-1,1
1977.203,1
IPOF N8243.S576 W663 2010,1
Pierrepont-1854.Fl,1
1974.190,1
PAMP Reply-1,1
(64c) NYC-20th century (1969).A,1
B P-[18--?]l.Fl,1
1994.005,1
NYS-[18--?]a.Fd,1
L.I.-[1873]r.Fl,1
1996.001,1
(72) NYC-1910.A,1
PAMP NYSCND-1,1
V1981.004,1
PAMP Cary-2,1
B A-[19--?].Fl,1
2017.014,1
1977.475,1
PAMP KingJA-1,1
1977.354,1
B P-[18--?]q.Fl,1
B C-1985c.Fl.O,1
ARC.233,1
PAMP DodgeWE-1,1
1977.509,1
PAMP SCRCR-1,1
PAMP Troy-1,1
NYC-1867.Fl c.2,1
"D.P.W.-1:24,000 (Orient Quad).R",1
B P-[1877].Fl,1
PAMP Gartrell-1,1
IPOF F130.N4 P47 2011,1
1986.055,1
Bergen-1884.Fl,1
B C-1885.Fl c.2,1
V1991.119,1
1978.057,1
PAMP Seaman-1,1
V1974.037,1
1978.069,1
PAMP Bradley-1,1
IPOF F128.9.N4 H37 2003,1
1986.005,1
ARC.044,1
1973.216,1
PAMP Stowe-2,1
1978.195,1
1974.170,1
NYC-1854a.Fl c.2,1
Q-1895.Fl,1
L.I.-[1957].Fl,1
2014.011,1
PAMP Bacon-1,1
PAMP ReedWB-2,1
1994.015,1
Bergen-[185-?]k.Fl,1
NYS-1850.Fl,1
1977.451,1
1994.009,1
V1986.023,1
Bergen-1896.Fl,1
1987.018,1
Bergen-[18--?]s.Fl,1
B P-[1834]d.Fl,1
Q-1964-1965a.Fl,1
Bergen-[1889]c.Fl,1
1974.051,1
1977.342,1
1977.025,1
Bergen-[18--?]i.Fl,1
ARC.276,1
1977.078,1
B P-[1863]a.Fl,1
1974.217,1
PAMP Bayard-1,1
L.I.-1882.Fl,1
1986.022,1
ARC.221,1
B P-1859.A,1
Mid. Atl.-1771 (1851).Fl,1
M-[1846].Fl.Folio,1
PAMP BRFAL-7,1
PAMP Downs-1,1
PAMP StuartM-1,1
2007.005,1
B P-1969.Fl.Folio,1
1991.006,1
(76) NYC-1938.A,1
V1982.009,1
Q-[1834].Fl.Folio,1
IPOF F128.9.N4 A44 2008,1
PAMP Fillmore-1,1
PAMP Nebraska-1,1
PAMP RushB-1,1
ARC.028,1
1986.025,1
1999.003,1
Rev. War-1775-1781 (1845?).A.RA,1
B A-1897 (19--?).Fl,1
PAMP ThompsonJa-1,1
US-1796a.A.RA,1
NYC-2005a.Fl,1
PAMP HallNe-1,1
B A-1984.Fl.Folio,1
(74) NYC-1933-1934.A,1
ARC.157,1
NYS-[1873].Fl,1
ARC.175,1
1977.105,1
ARC.265,1
NYC-1974a.Fl,1
V1987.006,1
M-[1870].Fl.Folio,1
PAMP BrooksJ-1,1
PAMP Pease-1,1
V1987.031,1
1977.577,1
PAMP Kinglsey-1,1
B P-[1846]b.Fl,1
"D.P.W.-1:24,000 (Moriches Quad).R",1
B A-1895a.Fl,1
B P-[1866].Fl.Folio c.2,1
1977.121,1
CBBG HQ1031 .M394 2009,1
PAMP StoneAL-1,1
B P-1891.Fl.Folio,1
PAMP Bird-1,1
1977.355,1
B A-1948.Fl,1
B P-[1848?].Fl,1
Q-2010.Fl,1
2007.042,1
1978.159,1
NYC-2005.FL,1
B A-1879.Fl c.2,1
B P-1840.Fl,1
PAMP Stocking-1,1
PAMP Lloyd-1,1
M-1660 (1933).Fl,1
Luquer-1848 (19--?).Fl c.2,1
NYC-1985.Fl,1
2012.018,1
2011.011,1
PAMP PearlC-1,1
1977.510,1
PAMP Sumner-13,1
ARC.047,1
B PP-1990.Fl c.2,1
2008.037,1
PAMP AUC-1,1
CT-[1855].Fl,1
NYC-[1961].Fl,1
B P-[1857].Fl,1
PAMP Stringfellow-2,1
V1986.018,1
1985.058,1
N. Amer.-1788.Fl.RA,1
PAMP SpearST-5,1
1985.070,1
S.I.-1946.Fl,1
1977.654,1
L.I.-[18--?]b.Fl,1
L.I.-1894b.Fl,1
2014.020,1
PAMP ASCAW-1,1
PAMP Wolfe-1,1
Mid Atl.-[1834].Fl,1
IPOF E441.F35 2006,1
IPOF E444.P56 1998,1
PAMP ConwayMD-1,1
(67) NYC-1969.A,1
Rev.War-1776(1976).Fl,1
CBBG KF4755 .P37 2010,1
PAMP DeGurowski-1,1
B P-1847.Fl.RA,1
B A-1844.Fl,1
1977.173,1
1986.030,1
PAMP ThompsonJP-1,1
2006.005,1
B P-[1897?]a.Fl,1
Q-[18--?]b.Fl,1
B P-[1870]a.Fl c.3,1
PAMP Sedgwick-1,1
1978.112,1
1977.315,1
2007.026,1
1978.071,1
2001.049,1
N.E.-2011.FL,1
2006.030,1
B P-1921.Fl,1
PAMP Reese-1,1
Lefferts PS1284.C7,1
PAMP RaymondHJ-3,1
1977.381,1
PAMP MacDonald-1,1
NYS-1757 (19--?).Fl c.2,1
ARC.257,1
B C-[1886?].Fl,1
PAMP PierceEL-2,1
ARC.113,1
US-15th-19th Century (1969).A c.2,1
1977.397,1
B A-1864a.Fl,1
PAMP ASCFPC-3,1
B A-1971i.Fl,1
(109) Rev. War-1775-1783 (1972).A c.1,1
B A-1976c.Fl,1
PAMP Duryea-2,1
V1991.004,1
B P-1873 (1958).Fl c.3,1
PAMP Channing-1,1
ARC.213,1
2004.026,1
ARC.096,1
L.I.-[1899].Fl,1
Lefferts PS3545.R45 W5 1911a,1
ARC.126,1
PAMP BRFAL-3,1
Pierrepont-1832.Fl,1
1977.080,1
M-1838.Fl.F,1
B P-1915.Fl,1
1974.027,1
2016.021,1
B C-1949.Fl,1
PAMP ArmstrongJJ-1,1
NYC-1897.Fl,1
1977.079,1
1977.507,1
B A-1859a.Fl,1
2008.019,1
B PP-[186-?]b.Fl,1
1977.518,1
B C-2011.Fl,1
1997.081,1
L.I.-1884.Fl,1
PAMP WhiteIC-1,1
IPOF E179.F69 1998,1
IPOF HV9950.A437 2010,1
1991.021,1
PAMP Drake-5,1
2000.009,1
PAMP Liberty-1,1
PAMP Callicot-1,1
B A-1881.Fd,1
PAMP ButlerBF-2,1
PAMP Collamer-2,1
E-US-[1646] (18--).Fl,1
1995.008,1
1986.047,1
B A-[189-?]a.Fl,1
PAMP MillerL-1,1
US-1936.Fl,1
ARC.238,1
Bergen-[18--?]v.Fl,1
PAMP DeFontaine-1,1
NYS-[1896].Fl,1
V1986.004,1
PAMP GACCSS-1,1
B P-[18--?]c.Fl.Folio,1
PAMP Lowrey-1,1
"USGS-1:24,000 (Patchogue).Fl",1
B P-[1835]a.Fl,1
1992.017,1
PAMP ClarkJ-1,1
CT-1758.Fl.RA,1
B P-[18--?]p.Fl,1
ARC.145,1
L.I.-[18--?]a.Fl,1
M-1782 (18--?).Fl,1
NYC-1828.Fl,1
M-1764 (1861).Fl,1
Bergen-1890b.Fl,1
1973.123,1
ARC.069,1
PAMP Grandy-1,1
E-US-[1756?].Fl.RA,1
PAMP Emancipation-1,1
1974.206,1
N.E.-1831.Folded,1
ARC.033,1
B P-1863a.Fl,1
L.I.-1877.Fl,1
PAMP AES-1,1
PAMP Foot-1,1
1981.003,1
PAMP Bokum-1,1
PAMP GrayWF-1,1
1977.393,1
PAMP HoweSG-1,1
1978.096,1
1973.169,1
ARC.002,1
1978.034,1
1987.025,1
1973.125,1
B P-1849 (19--?).R,1
1987.003,1
(98) Mid Atl.-1978.A,1
2006.027,1
B A-1982.Fl.O,1
1973.275,1
PAMP CSA-5,1
PAMP Eddy-1,1
1990.004,1
B A-[18--?]e.Fl,1
ARC.070,1
ARC.246,1
B P-[1849].Fl.Folio,1
B P-[1847]a.Fl,1
L.I.-1962.Folded,1
1974.005,1
IPOF E446.B58 2005,1
NYC-2009a.Fl,1
PAMP ClarkeJF-2,1
1980.036,1
1974.050,1
B A-[1912?].Fl.O,1
1985.008,1
PAMP McClernand-1,1
PAMP Scrap-1,1
2010.019,1
ARC.219,1
US-[194-?].Folded,1
V1997.023,1
Q-[1873]k.Fl,1
Rev. War-1793 (1976?).Fl,1
Bergen-[1868?].Fl,1
NYC-1865.Fl,1
Luquer-1889a.Fl,1
B A-1906.Fl,1
ARC.232,1
B P-1911.R,1
PAMP CSA-3,1
L.I.-1934.Fl,1
Q-1854.Fl.Folio,1
NYC-1853.Fd,1
1977.641,1
V1986.011,1
PAMP AFAS-4,1
ARC.187,1
PAMP Guion-1,1
PAMP ClayH-6,1
1991.056,1
NYC-[187-?].Fl,1
1985.024,1
ARC.158,1
1977.309,1
U.S.C.S.-117.Fl.F,1
ARC.159,1
L.I.-1911.Fl,1
NYS-1802-1805 (1847).Fl,1
Rev. War-[1776] (18--?).Fl,1
PAMP Adamic-1,1
PAMP HuntEB-1,1
PAMP AmCS-1,1
1987.002,1
PAMP AFAS-1,1
B A-1971p.Fl,1
ARC.112,1
B P-1903.Fl,1
PAMP Aristocracy-1,1
2004.021,1
PAMP ThayerE-2,1
B P-[1834]c.Fl,1
"USGS-1:24,500 (Brooklyn)1979.Fl",1
B A-1867.Fl c.2,1
B P-[18--?].Fl.Folio,1
L.I.-[18--?]d.Fl,1
ARC.282,1
Bergen-1873.Fl,1
1990.026,1
1978.012,1
PAMP Drake-4,1
ARC.086,1
PAMP Gasparin-1,1
B C-1986c.Fl.O,1
Bergen-1853.Fl.O,1
1973.098,1
V1981.009,1
PAMP VanDyke-1,1
NYS-1887a.Folded,1
B C-[1889?].Fl,1
"USGS-1:24,000 (Brooklyn)1975.Fl",1
PAMP Greenhow-1,1
1973.133,1
ARC.306,1
L.I.-1924.Fl,1
B A-1960.Folded,1
Bergen-[1853].Fl,1
G1253.S8,1
1977.477,1
B P-[1847]b.F,1
2002.020,1
ARC.212,1
PAMP OwenRD-1,1
B C-1949a.Fl,1
Bergen-[189-?]f.Fl,1
B A-[1856?].Fl,1
CBBG E185.62 .L83 2005,1
PAMP Bliss-1,1
ARC.008,1
V1991.054,1
PAMP ASCFPC-6,1
NYC-[1985?].Fl,1
PAMP DonnellEJ-1,1
V1982.004,1
V1990.074,1
M-1776 (189-?).Fl,1
PAMP Whiting-1,1
B A-1898a.Fl,1
ARC.045,1
