,w
v.1,1015
v.2,914
v.3,396
v.4,204
v.5,123
v.6,86
v.7,63
pt.1,47
v.8,47
pt.2,43
v.9,29
v.10,28
v.11,21
c.2,19
v.12,17
v.15,15
pt.3,14
v.13,14
v.14,13
v.19,10
v.18,10
v.17,10
v.21,9
v.16,9
v.20,9
"v.1,pt.1",7
v.22,7
v.1 pt.2,7
v.1 pt.1,7
v.1/2,7
"v.1,pt.2",7
pt.4,6
v.23,6
year,5
v.25,5
"v.2,pt.2",5
"v.2,pt.1",4
v.26,4
v.1-2,4
v.44,4
bk.1,4
v.27,4
"v.4,pt.2",4
bk.2,4
v.24,4
no.2,3
v.36,3
1922,3
v.33,3
v.35,3
v.45,3
1920,3
v.46,3
v.48,3
v.29,3
v.39,3
"v.4,pt.1",3
"v.3,pt.1",3
v.37,3
v.30,3
v.38,3
v.47,3
v.40,3
c. 2,3
v.43,3
v.7 suppl.,3
v.51,3
no.1,3
v.41,3
v.34,3
"v.3,pt.2",3
v.32,3
v.28,3
pt.5,3
ward 11,2
1894,2
1889,2
pt.1/3,2
1899,2
"v.5,pt.1",2
pt.6,2
v.42,2
1921,2
bk.3,2
1918,2
1926,2
1929,2
ward 2,2
1884,2
t.2,2
t.3,2
v.53,2
v.54,2
v.C,2
1928,2
1890,2
v. 3,2
v.50,2
v.1:pt.1,2
v.52,2
c.1,2
v.49,2
year ???,2
1880,2
1939,2
ward 3,2
ward 6,2
"v.2,pt.3",2
1916,2
v.1-3,2
1900,2
v.7 pt.1,2
1877,2
1906,2
1893,2
ser.2,2
1882,2
1930,2
v.7 pt.2,2
1904,2
ward 4,2
ser.1,2
"v.2,pt.4",2
1912,2
1888,2
volumes (year ),2
ward 7,2
1913,2
1885,2
1927,2
1919,2
1926/1927,2
1895,2
ward 22,2
1902,2
1896,2
v.31,2
v.W-Z,1
1945,1
pt. 2,1
v.8(1837),1
v.140,1
index v.1,1
v. 1 (1850/1851),1
v.63,1
v. 14,1
1858,1
v.A,1
v.8(1827),1
v.186,1
v. 8 (1941/1942),1
v.96,1
v.110,1
v.116-121,1
v.70,1
v.127,1
v.135,1
S-1,1
v.167,1
v.3 sect.1,1
v.159,1
v.204,1
v.61,1
v.123,1
1914,1
v.11(1811),1
t.1,1
ser.3,1
1915,1
1872/1873,1
S-20,1
v.6(1825),1
v.31-42,1
bk.12,1
"new ser.:v.3(1919),",1
v.63-75,1
v.120,1
bk.21,1
v. 4-7,1
v.119,1
v.130,1
1876,1
pt.2:v.2,1
v.94-109,1
v.175,1
v.8(1808),1
suppl.2,1
v.3(1803),1
1861,1
1949,1
no.51,1
v. 7,1
v.12(1841),1
"v.2, pt.1",1
v.187,1
v.4 Index,1
v.3/4,1
S-18,1
v.87,1
1851,1
ward.6,1
1942,1
v.201,1
v.17(1817),1
1874,1
v.185,1
1843,1
v.16(1845),1
bk.24,1
v.5(1824),1
v. 1:no.22(1898),1
v.106,1
v.66,1
v.95,1
v.190,1
v.7(1836),1
v.200,1
v.45-48,1
pt. 1,1
v.91,1
v.105,1
S-4,1
v.10 pt.1,1
v.86,1
bk.22,1
1849,1
v.A-B,1
v.155,1
v.18(1818),1
ser.8,1
1901,1
v.116,1
v.G-H,1
v.4(1833),1
vol.1,1
bk.6,1
v.10 pt.2,1
v.75,1
1947/1948,1
v.13(1842),1
bk.9,1
v.168,1
v.169,1
bk.4,1
1910,1
v.5(1834),1
v.11(1840),1
1908,1
v.165-168,1
sect.3,1
1st(1902/1903:v.1),1
v.125,1
1955,1
v. 6 (1939/1940),1
v.1(1830),1
"new ser:no.1(1916/1917),",1
v.139,1
v.12:pt.1,1
pt.20,1
v.75-85,1
1954,1
v.145,1
v.1(1820),1
1909,1
bk.25,1
n.4,1
v.162,1
v.109-115,1
v.60,1
v. 5 (1938/1939),1
S-13,1
v.5 (1911/1912),1
v. 19,1
v.69,1
v.206,1
1845,1
pt.13/17,1
1844,1
1905,1
v.21-22,1
v.88,1
S-9,1
v.77,1
v.89,1
v.109,1
v.76,1
1883,1
v.9(1828),1
v.2(1821),1
ser.10,1
v.4 1889,1
v.101,1
v.111,1
ward.7,1
v.114,1
no.4/1,1
bk.10,1
1842/1843,1
v.10(1829),1
S-8,1
v.161,1
v.43-45,1
v.30:no.1(1946:Jan.),1
v.147,1
S-17,1
v.3 1888,1
v.5(1805),1
v.2:pt.2,1
bk.13,1
1946/1947,1
v.178,1
v.149,1
1857,1
v.156,1
ser.4,1
bk.7,1
v.94,1
v.112,1
v.1(1801),1
pt.19,1
1867,1
v.146-156,1
pt.2:v.1,1
1st(1902/1903:v.2),1
v.R,1
v. 9,1
pt.18,1
v.197,1
1941:March,1
v.4:no.3(1926),1
1872,1
bk.15,1
v.6A,1
1925,1
1854,1
ward.11,1
v.51:no.1317(1915:May 29),1
"v.1,pt.4",1
v.1:no.1(1908:Sept. 11),1
S-7,1
S-2,1
1867/1870,1
1871,1
v.1:no.1(1988:fall),1
1917,1
v.191,1
v.157,1
v. 7 (1940/1941),1
1879,1
1898,1
v.189,1
v.1-4 (1939/1942),1
no.3,1
v.150,1
v. 17,1
v.84,1
v.113,1
v.6 (1912/1913),1
1956,1
S-16,1
pt.9/12,1
v.122,1
ser.7,1
v.D-F,1
pt.5/8,1
v.57,1
v.1(1868),1
v.58,1
v.81,1
v.176,1
v. 3 (1936/1937),1
1881,1
1st(1888/1889),1
v.193,1
v. 12,1
v.108,1
v.15:pt.2,1
v.46-47,1
v.7 1892,1
"v.1(1809),",1
v.104,1
v.199,1
ward.12,1
v.143,1
v. 8-28,1
v.54-63,1
v.64,1
v.188,1
v.97-109,1
v.71,1
v.2(1831),1
no.I/II,1
v.7(1826),1
S-6,1
ser.9,1
v.4:no.1/4(1910),1
v.45-54,1
v. 2,1
v.126,1
v.80(1903 ),1
v.205,1
v.19(1819),1
ser.5,1
S-11,1
v.15(1815),1
bk.11,1
v.97,1
v.115,1
v.88(1912),1
v.6 1891,1
v.181,1
v.5:no.6(1923:Oct. 20),1
v.9(1809),1
v.129,1
v.14(1814),1
S-19,1
1870,1
1957,1
v.3 (1909/1910),1
v. 18,1
v.6(1835),1
v.3 Suppl.,1
v.131,1
sect.1,1
v.137,1
v.160,1
v.78,1
6th(1910/1911),1
suppl.1,1
v.171,1
v.9(1838),1
v.N-Q,1
1943,1
v.165,1
v.124,1
bk.28,1
v. 5,1
S-10,1
v.9-10,1
v.92,1
v.121,1
v.136,1
"v.1,pt.3",1
bk.5,1
v.202,1
v.59,1
v.2/3,1
v.B,1
v. 10:no.2(1886),1
v.7(1807),1
bk.8,1
v.158,1
v.83,1
v.128,1
v.1 1887,1
v.1 (1907/1908),1
v.79,1
1903,1
1962/1963,1
bk.27,1
no.15,1
v.177,1
1938,1
v.152,1
ward.4,1
pt.1/4,1
"v.1-10, n.s. v.1-9",1
v.1/9,1
v.18-31,1
v.2-6,1
year1864/1865,1
v.134,1
1964,1
v. 2 (1935/1936),1
v.2A,1
v.82,1
v. 11,1
bk.18,1
"pt.1,no.5",1
v.138,1
v.2:pt.1,1
"v.3,pt.3",1
bk.19,1
1959,1
v.182,1
1929/1930,1
1950,1
S-12,1
1923,1
v.163,1
1891,1
v.198,1
v.196,1
"v,3",1
v.12:pt.2,1
v.1:no.1(year1995),1
v.122-139,1
v.4(1823),1
2nd(1904/1905),1
v.1909,1
1886,1
v.1-18,1
v.1:no.1(1917:Apr.),1
v.2/4,1
v.8 1893,1
"v.5,pt.2,sec.1/2",1
v.1:pt.2,1
v.3(1822),1
S-15,1
1978,1
1897,1
v.90,1
bk.23,1
v.172,1
v.184,1
v.192,1
",",1
v. 1 (1934/1935),1
v.2 (1908/1909),1
v.166,1
v.173,1
bk.17,1
"v,1",1
ward.3,1
v.102,1
v.4 sect.3,1
v.98,1
v.3 (1973),1
v.9 1894,1
v.203,1
S-3,1
S-5,1
v.74,1
1856,1
v.99,1
v.146,1
v.144,1
v.4 (1910/1911),1
v. 1:no.1(1926:Apr.),1
v.153,1
v.103,1
v.3(1832),1
v.148,1
Suppl.,1
ser.6,1
v.17(1846),1
v.55,1
v.72,1
3rd(1906),1
v. 23 (1896),1
1878,1
pt.1-2,1
1936,1
v.62,1
v.180,1
v.1/3,1
1969,1
v.2 1887,1
v.170,1
1952,1
v.1/6,1
v.12(1812),1
v.68,1
v.80,1
v. 1-3,1
ed.11th,1
1951,1
pt.4/7,1
v.142,1
v. 6,1
v.141,1
bk.26,1
"v.1:no.1(1870:Oct),",1
v.93,1
v.107,1
v.139-145,1
v.85,1
v.16(1816),1
v.15:pt.1,1
1961,1
v.145-155,1
v.73,1
ward.2,1
v.S,1
v.13(1813),1
bk.14,1
v.65,1
1953,1
v.4 (1974),1
1911,1
Volumes (Year ),1
v. 10,1
v.86-96,1
1852,1
v.154,1
v.35:no.5(1957:May),1
v. 13,1
v. 15,1
v.1 no.1,1
v.10A,1
v.133,1
vol.2,1
v.164,1
v.15(1844),1
v.195,1
v.1 no.2,1
S-14,1
v.2(1802),1
v. 4 (1937/1938),1
v.179,1
1873,1
1892,1
v.67,1
v. 1,1
v.1 (1971),1
1859,1
4th(1907/1908),1
v.2 (1972),1
v.151,1
????,1
v.4(1804),1
bk.20,1
v.132,1
"v.2, pt.2",1
v.6(1806),1
1966,1
v.174,1
v.194,1
v.D,1
v.3-4,1
v.10(1839),1
1958,1
v.5 1890,1
pt.1/2,1
v.117,1
v.10(1810),1
v.183,1
v.100,1
1887,1
"v.4(1962/1963),",1
sect.2,1
v.T-V,1
v.2:pt.5-8,1
v.14(1843),1
bk.16,1
1967,1
v.56,1
v. 16,1
text,1
v.1:pt.1-4,1
v.118,1
